id,name,email,password,role
1,Chelsea Oleksinski,coleksinski0@ucla.edu,uK4#MGRrB`mkTWYL,Architect
2,Sutherland Brastead,sbrastead1@friendfeed.com,kI9}IPXE',Engineer
3,Aylmer Hatch,ahatch2@biblegateway.com,"jE8!2Ocw,`",Construction Expeditor
4,Tobe Bolsover,tbolsover3@google.cn,"tY3""xhqhN/uS>`G",Project Manager
5,Bria Cliffe,bcliffe4@sina.com.cn,gI4`C\I/q#i>CS.7,Construction Expeditor
6,Tremayne Pearsall,tpearsall5@etsy.com,vW0_z$TjK/,Construction Worker
7,Katheryn Ramos,kramos6@jalbum.net,"jC4_""cjj",Architect
8,Ibby Stannah,istannah7@zimbio.com,"aX5<Y""kLTmkaY",Electrician
9,Violetta Calfe,vcalfe8@php.net,zQ8~Q1>.b'%d0'5,Electrician
10,Sid Cuningham,scuningham9@ox.ac.uk,dP2_AgkV,Construction Foreman
11,Romonda Ghio,rghioa@intel.com,rC7}tYzRW,Supervisor
12,Nathanil Whitticks,nwhitticksb@alibaba.com,"zG5/tS,YlP",Engineer
13,Boyd Martlew,bmartlewc@typepad.com,pO1!AwiuB|t)v$4},Engineer
14,Matthus Simonsson,msimonssond@aboutads.info,aJ4&3yQ31t(,Construction Manager
15,Tate Emptage,temptagee@hubpages.com,mV9)8HvrY{,Construction Manager
16,Preston Endersby,pendersbyf@gmpg.org,"zW9'v~o1,%'81G""",Supervisor
17,Raoul Shedd,rsheddg@ocn.ne.jp,wR1+|@}aLy,Construction Foreman
18,Nerte Siccombe,nsiccombeh@google.co.jp,rY5{<_U2)xPq/k,Construction Foreman
19,Renie Coombe,rcoombei@usatoday.com,aD8`ZQh`u,Construction Worker
20,Paulie Mourge,pmourgej@miibeian.gov.cn,eZ3=@0EQ$x,Construction Foreman
21,Luisa McGinly,lmcginlyk@pen.io,xN0=5Ll?,Surveyor
22,Libbi Keyte,lkeytel@free.fr,"uD7$,L}rg\a7/,|$",Architect
23,Livvy Ashwood,lashwoodm@skyrock.com,oV0.W~q?`7C|y,Engineer
24,Deloris Spencer,dspencern@answers.com,"xN2?hk,b>f",Construction Worker
25,Conni Dower,cdowero@usgs.gov,kA0}Q1{6X,Construction Manager
26,Holt Swansbury,hswansburyp@unblog.fr,"iX5)KruU""+I{r",Project Manager
27,Annette Backman,abackmanq@rakuten.co.jp,aE4?)AeA,Subcontractor
28,Malinde Locker,mlockerr@surveymonkey.com,jY8._Ln|*,Construction Manager
29,Nils Rexworthy,nrexworthys@hugedomains.com,"nL6""6F%*",Project Manager
30,Cecily Biglin,cbiglint@chicagotribune.com,cE7@Go_kR9,Electrician
31,Leonard Marczyk,lmarczyku@ucsd.edu,tI6{41u3,Project Manager
32,Jan Botwright,jbotwrightv@squidoo.com,"kW8~Y""7z&zP",Estimator
33,Leoine Lattka,llattkaw@nbcnews.com,"fS3!57#""%AA}v|W}",Project Manager
34,Christyna Lehr,clehrx@digg.com,"qV8,_&G,""dwx""+X&",Electrician
35,Cissy Garrud,cgarrudy@youku.com,nD9)\s9v=r,Architect
36,Shane Belliss,sbellissz@ovh.net,iL8{Mt3QI}6ZB,Supervisor
37,Avrom Zute,azute10@google.com.au,nP7/\ivx$R`D|,Construction Manager
38,Xever Jakab,xjakab11@hugedomains.com,dF9!~pZ}I,Electrician
39,Jasper Nanetti,jnanetti12@weather.com,iY1'=UOTAc+VZe,Surveyor
40,Alberik Glendinning,aglendinning13@purevolume.com,qF3#pAh$m,Surveyor
41,Roselia Cheston,rcheston14@globo.com,pI1)MP/hy5S,Construction Manager
42,Emily Mountlow,emountlow15@mapquest.com,zZ8+1jDx,Architect
43,Alix Turpey,aturpey16@g.co,rZ7}G'`a8r&8/6,Architect
44,Jaymie Digwood,jdigwood17@nytimes.com,"hF5<&L#_2wg""0?,",Surveyor
45,Manfred Mallalieu,mmallalieu18@whitehouse.gov,wR3%mN`_M|M90lhK,Architect
46,Fonzie Baughan,fbaughan19@icio.us,eP2!OOl)tKzQxq,Construction Foreman
47,Jolene Clair,jclair1a@simplemachines.org,gZ9@T\_@l,Estimator
48,Andromache Beeckx,abeeckx1b@google.nl,cV9%9P?ITY5{3,Supervisor
49,Lyndsay Rysdale,lrysdale1c@creativecommons.org,lG9`o'lQ>uSbW.,Construction Worker
50,Myrah Klimentyev,mklimentyev1d@elegantthemes.com,wY4?os&dObkt?,Project Manager
51,Quincey Tithacott,qtithacott1e@sitemeter.com,zQ2@G1\o{7,Estimator
52,Alayne Ruffy,aruffy1f@yelp.com,vL2.N4N/5nAtc4xP,Subcontractor
53,Waylin Hillborne,whillborne1g@gnu.org,fR3!E+)z6Oy\'J0,Construction Foreman
54,Athena Sarfas,asarfas1h@bandcamp.com,rC6`'GtiBw.,Surveyor
55,Reece Curee,rcuree1i@squidoo.com,"iO8"">_,j?l&ZfUT",Construction Worker
56,Delbert Smeaton,dsmeaton1j@bing.com,qU3~clC.Bg\hTh}5,Project Manager
57,Gannon Hesser,ghesser1k@behance.net,eP4=DU'v,Supervisor
58,Skye Dionisetti,sdionisetti1l@mediafire.com,bQ5.zU<#,Subcontractor
59,Jasen Kittle,jkittle1m@google.co.uk,cG0.QQoPTb9YNPM,Project Manager
60,Connie Steer,csteer1n@pcworld.com,"pB0&J',9",Supervisor
61,Bartel Heinert,bheinert1o@mapquest.com,pH9!z>j|PU\@y,Construction Foreman
62,Parsifal Firby,pfirby1p@dion.ne.jp,gA4+qZ<aG?@{z2,Electrician
63,Jacquelynn Howford,jhowford1q@illinois.edu,zE9#Q}?)I~rj,Architect
64,Staford MacNair,smacnair1r@engadget.com,kR1~mfQlm_B*,Construction Manager
65,Verna Cadlock,vcadlock1s@yandex.ru,wV3)PT=4W,Project Manager
66,Hazlett Rudolfer,hrudolfer1t@chicagotribune.com,iR6/l1Fq`vGB%Q,Construction Manager
67,Adaline Thon,athon1u@typepad.com,fV9.v(f7WjxS<lO,Electrician
68,Stephan Meek,smeek1v@wiley.com,"rH2/,`\Uzb",Subcontractor
69,Tiphani Keppie,tkeppie1w@hibu.com,"tP9|K,=I$gT\f.pb",Architect
70,Zedekiah Gandy,zgandy1x@dell.com,"iC3.<t,i'9",Surveyor
71,Rhys Holbury,rholbury1y@bloomberg.com,uI1=o%8IHQypE+,Construction Foreman
72,Joshuah Cutchey,jcutchey1z@instagram.com,nD6%}ZwV}#P,Engineer
73,Candide Kerin,ckerin20@php.net,xS1@35`o<%phG6.U,Construction Foreman
74,Iseabal McCulley,imcculley21@youku.com,vI5}N@m*s,Construction Expeditor
75,Meredeth Toopin,mtoopin22@unc.edu,nV2<c{p*O6%U\G,Supervisor
76,Merell Drummond,mdrummond23@techcrunch.com,zF1{XH!UH8=uzo{,Construction Expeditor
77,Yardley Woodland,ywoodland24@livejournal.com,kK8`#<V3Oeh2,Engineer
78,Delano Jordanson,djordanson25@xing.com,"mL6},uLegd+3XO",Supervisor
79,Dulciana Pauley,dpauley26@shop-pro.jp,gQ5)gT!Z*KjNM,Construction Foreman
80,Bobine Custard,bcustard27@ox.ac.uk,"tP1!9sQ`guwB3""_",Construction Foreman
81,Alan Tavner,atavner28@list-manage.com,yQ7&iTH_T)b,Supervisor
82,Paule Bankhurst,pbankhurst29@microsoft.com,eN9(kY3R,Engineer
83,Calhoun Cardenoso,ccardenoso2a@wiley.com,"oG4&p""+SX~h",Estimator
84,Bowie Smaling,bsmaling2b@imdb.com,sL9?4S7z,Surveyor
85,Garwin Anthona,ganthona2c@comcast.net,eW9)bmyNFO&G*NVp,Project Manager
86,Mayor Morris,mmorris2d@hao123.com,"xF4""p96i",Engineer
87,Troy Seamans,tseamans2e@patch.com,cG4!kdBVkUxB$,Supervisor
88,Hana Tippell,htippell2f@tmall.com,eU0&W|ocr,Supervisor
89,Olivier Fronks,ofronks2g@qq.com,jI7\N4AIgFm,Surveyor
90,Chad Synder,csynder2h@aol.com,zU7#4#9?SYVH,Project Manager
91,Kelcey Kindleysides,kkindleysides2i@biblegateway.com,fJ5&t>{$r8q#8,Construction Foreman
92,Hayward Perse,hperse2j@vk.com,zN3+o@lNz15,Engineer
93,Jose Mallia,jmallia2k@paginegialle.it,aD2(nxWXqjqDJ&h%,Subcontractor
94,Taddeusz Aldins,taldins2l@livejournal.com,oV2_tE|qoli6D,Estimator
95,Corena Carillo,ccarillo2m@who.int,mF6`6F{#f7,Architect
96,Alysia Schechter,aschechter2n@time.com,"qO9""Hl5`7NQYV",Electrician
97,Kinny Ilyas,kilyas2o@home.pl,"wN4#mwF,|m",Engineer
98,Mildrid Degli Antoni,mdegli2p@sogou.com,aS1*8L.U~bFx_=d,Construction Manager
99,Hillier Swadden,hswadden2q@independent.co.uk,sL6=5=(N_R,Construction Manager
100,Barnard Beachamp,bbeachamp2r@state.gov,"qR5+""nV(BC&m}2",Construction Foreman
101,Ranna Erridge,rerridge2s@earthlink.net,"lF8}*4CYD""'",Construction Manager
102,Devonne Quarmby,dquarmby2t@nba.com,cX7}M7BBm?R,Subcontractor
103,Brear Cudby,bcudby2u@booking.com,bH6#'&HjKDJ,Construction Worker
104,Melissa Faye,mfaye2v@thetimes.co.uk,cO9*|T==_?,Architect
105,Consuela Boyington,cboyington2w@cdc.gov,gY1_&|OnZv?v,Project Manager
106,Audie Meffan,ameffan2x@bravesites.com,eW0{)Tp)1n/b'$,Engineer
107,Julianne Liley,jliley2y@nps.gov,zW3*?bUU,Architect
108,Evangelia Latimer,elatimer2z@opensource.org,cV2(e.)x9x,Supervisor
109,Kendrick Geaves,kgeaves30@google.com,"fN1""kwNo}tzN!{C",Architect
110,Helsa Lothlorien,hlothlorien31@e-recht24.de,"kN4#9""\t}O\@m=",Supervisor
111,Halsy Giovanazzi,hgiovanazzi32@youtube.com,xI2+0*3F(*sS,Construction Worker
112,Tamera Bingall,tbingall33@devhub.com,aG7)Q~Y9$=ikfM_Q,Engineer
113,Gloria Spieght,gspieght34@shop-pro.jp,"rT9,kpQr~,koL",Construction Expeditor
114,Virgie Mahmood,vmahmood35@usgs.gov,lU4=wVa<GPQu<Ae,Surveyor
115,Noelle Spurway,nspurway36@howstuffworks.com,"lP3%=EHTK,f!",Supervisor
116,Gael Tremmel,gtremmel37@xinhuanet.com,dB9\pzwUp,Supervisor
117,Orazio Rotter,orotter38@51.la,zT6?}Pj},Architect
118,Consalve Joicey,cjoicey39@google.ru,bT1&jK!W.zx,Surveyor
119,Yancey Fowle,yfowle3a@freewebs.com,qE8>??d0lvdAAu,Supervisor
120,Hamlen Collyns,hcollyns3b@mediafire.com,pE0&_%IF\WZ,Engineer
121,Thalia Jakes,tjakes3c@tiny.cc,qJ3}\(JX0!nFvL,Estimator
122,Brandyn Maier,bmaier3d@mayoclinic.com,iN0_<|.%yrbl},Surveyor
123,Jourdan Chilver,jchilver3e@epa.gov,iG8'wSr*rHbCXc9,Supervisor
124,Lenora Brickwood,lbrickwood3f@tripod.com,yT0=ToHwIh,Construction Expeditor
125,Claudianus Tarplee,ctarplee3g@cornell.edu,"hN6{x,xb|}BD4",Subcontractor
126,Johnna Pedrazzi,jpedrazzi3h@sun.com,bH8`%/Gv<,Supervisor
127,Franklyn Gauden,fgauden3i@opensource.org,yE5?P4u1_Zs,Supervisor
128,Broderic Rothermel,brothermel3j@dot.gov,zD3/0c8`GEQ<,Architect
129,Genvieve Bufton,gbufton3k@sohu.com,"zO6==$2>SZOpu,9",Subcontractor
130,Sergei Riddel,sriddel3l@forbes.com,yT9!#pn(,Architect
131,Dorthea Stoffler,dstoffler3m@squarespace.com,eU3\6A#p8$qHDg,Supervisor
132,Austine Canto,acanto3n@google.ca,kG4|'#cD,Construction Foreman
133,Ibrahim Densumbe,idensumbe3o@vimeo.com,"oL6{"".0eh13K%V",Subcontractor
134,Marlo Arblaster,marblaster3p@alexa.com,mW1{3GIT'@,Subcontractor
135,Nanni Steel,nsteel3q@123-reg.co.uk,"wZ1/JDGZ}a)l,mo",Engineer
136,Nollie Hagyard,nhagyard3r@paypal.com,vS1|.$Ib,Construction Expeditor
137,Alexa Benesevich,abenesevich3s@auda.org.au,oP3_/?6In,Construction Manager
138,Minette Canacott,mcanacott3t@cloudflare.com,"gA8""jOVG_2?(u",Project Manager
139,Mellisa Keetley,mkeetley3u@blinklist.com,nS5(CpB%?jr,Engineer
140,Gaven Brandon,gbrandon3v@ehow.com,"wU3@`8N,Q!ezsNJI",Construction Worker
141,Vonny Battison,vbattison3w@paypal.com,mJ4@(##zT7>=,Architect
142,Gran Duffell,gduffell3x@stanford.edu,cL7`@JWv|2Slwqz,Construction Manager
143,Kipp O'Heyne,koheyne3y@yale.edu,cO9*z~DuIynh2,Architect
144,Alvera Chadwen,achadwen3z@drupal.org,zN7(QI`uT\Rz65s,Electrician
145,Killian McNeely,kmcneely40@issuu.com,wH8=?sub,Surveyor
146,Hestia Scamadin,hscamadin41@myspace.com,uI5&z)4~utdE,Architect
147,Denis Clemot,dclemot42@baidu.com,wR6>nlE>AT1R,Supervisor
148,Ellie Leader,eleader43@w3.org,jB8#jYQ{KGoHP,Construction Worker
149,Fernandina Phippard,fphippard44@deliciousdays.com,nC2\.b#fF,Electrician
150,Cherlyn Gillanders,cgillanders45@harvard.edu,bZ7\z?RXf,Architect
151,Ettie Bencher,ebencher46@boston.com,jA3'6xvnU4,Construction Expeditor
152,Arnie Lown,alown47@omniture.com,iI3*DF/p,Subcontractor
153,Jen Managh,jmanagh48@shutterfly.com,gD6`K@tY,Construction Expeditor
154,Eddi Kendred,ekendred49@surveymonkey.com,nL7=!#xjzg,Engineer
155,Mariya Lampet,mlampet4a@vinaora.com,kY7#MuD(bq,Construction Worker
156,Murielle de Marco,mde4b@ftc.gov,"eO2#w`0tUR2,f_y",Electrician
157,Colly Etienne,cetienne4c@hud.gov,kP2_?vD7NO7%3.,Supervisor
158,Audi Helleckas,ahelleckas4d@wiley.com,uX6\)9>s!e##0,Supervisor
159,Zorana Prujean,zprujean4e@gizmodo.com,"cP8{gb!@,1T(j",Engineer
160,Merola Senescall,msenescall4f@wordpress.com,fC4_TOa}87$R,Supervisor
161,Duane Karlmann,dkarlmann4g@istockphoto.com,iX4=pIrv9mz,Estimator
162,Cristobal Pesic,cpesic4h@studiopress.com,lI9>vyk@H,Project Manager
163,Debi Hatchman,dhatchman4i@ifeng.com,mI2&OyMr04aTD,Engineer
164,Nathan Rantoull,nrantoull4j@buzzfeed.com,pQ9'iZQW4,Construction Manager
165,Lily Stitcher,lstitcher4k@geocities.com,iI0/<ifNO?fU,Construction Expeditor
166,Giulietta Lapthorn,glapthorn4l@photobucket.com,iA8.0s>~!TG,Electrician
167,De Cayette,dcayette4m@flavors.me,aU3)qtb/h.=N.,Project Manager
168,Ilysa Achurch,iachurch4n@blinklist.com,"nP2""XU#6O",Construction Expeditor
169,Abigael Pickton,apickton4o@bizjournals.com,wR7}iGTt,Architect
170,Courtnay Brisse,cbrisse4p@reddit.com,cQ1%cO5`RDE,Surveyor
171,Jamison Brideoke,jbrideoke4q@wikispaces.com,lO4_/gHm,Construction Foreman
172,Harrie Worsell,hworsell4r@cbslocal.com,rM1+5f\\{},Construction Manager
173,Brena Sexten,bsexten4s@cbslocal.com,zO9~)muE,Project Manager
174,Aindrea Brennand,abrennand4t@yellowbook.com,uM8\J1U51z,Estimator
175,Brunhilde Stormouth,bstormouth4u@nyu.edu,"eV8,OCR3+<IL,",Estimator
176,Holli Duffy,hduffy4v@mlb.com,rW1$Q*C!tIZ,Estimator
177,Engracia Roseaman,eroseaman4w@google.com.hk,rH5!iD4?/Gbts,Construction Foreman
178,Nealson Mallalieu,nmallalieu4x@msn.com,yI6?_Z+yk>,Supervisor
179,Zared Simonot,zsimonot4y@intel.com,vC9(KVH9Fy9W<,Subcontractor
180,Ivory Moncrieffe,imoncrieffe4z@geocities.jp,"tJ7""*6{j($a0",Construction Worker
181,Anatole Spatoni,aspatoni50@ameblo.jp,pP9@o3~c'b&Qv,Construction Manager
182,Joyous Coxon,jcoxon51@twitpic.com,dT8>z3J&8,Architect
183,Charlotta Habbert,chabbert52@gmpg.org,iR4'yT{~ZKGm'uvV,Surveyor
184,Jacenta Gummoe,jgummoe53@hao123.com,mA9!xy&\tlb=z,Supervisor
185,Roch Verey,rverey54@goo.ne.jp,"zU0""L~6xBK?C+*x",Surveyor
186,Sollie Jozwicki,sjozwicki55@godaddy.com,tO2&?iHoQ&,Construction Foreman
187,Sib Lintin,slintin56@feedburner.com,gX3)*Ltt>rURG_@,Surveyor
188,Judie Northleigh,jnorthleigh57@live.com,uA5$Z\uC.TO6,Construction Expeditor
189,Hannie Garfit,hgarfit58@sciencedirect.com,dG6#gswZy|T,Project Manager
190,Bearnard Dumper,bdumper59@google.ru,wH8\\AuK*hSP*,Supervisor
191,Royal Mayman,rmayman5a@discuz.net,"tQ3#""#fsYy7ho7}%",Subcontractor
192,Christoffer Schriren,cschriren5b@reverbnation.com,qS8>=_U>,Surveyor
193,Rurik Rillatt,rrillatt5c@icio.us,"xC8!}Bv7|,D6=_S",Construction Worker
194,Laetitia Bates,lbates5d@cnet.com,hC3*orfib7mH,Supervisor
195,Vallie Joint,vjoint5e@dyndns.org,nB8+O734(`,Subcontractor
196,Noelyn Statersfield,nstatersfield5f@digg.com,"sO2,f}hC,N",Project Manager
197,Aura Celes,aceles5g@rakuten.co.jp,mQ2&Y'82t)Kr7H9},Architect
198,Teador Tripe,ttripe5h@apple.com,oZ2?\dF`X@}}_4B%,Surveyor
199,Pepi De Gregario,pde5i@woothemes.com,cV6*_87sLg$hV>,Project Manager
200,Ellette Rutty,erutty5j@washington.edu,"kN0""O@,k?",Supervisor
201,Annadiane Cosgreave,acosgreave5k@tripadvisor.com,zS8)z}./>,Project Manager
202,Alvin Woolston,awoolston5l@baidu.com,jQ7`nDtA,Construction Foreman
203,Hurlee Diggins,hdiggins5m@google.es,bP9*QY}F.RG,Construction Foreman
204,Andra Brellin,abrellin5n@buzzfeed.com,mZ4!w_YU,Project Manager
205,Jeannine Cottom,jcottom5o@imgur.com,dF7+n{!v_,Architect
206,Lurline Paolicchi,lpaolicchi5p@ox.ac.uk,oN5/M>b2j|j,Construction Expeditor
207,Tommy Mewes,tmewes5q@networksolutions.com,"aU0}ph7&,Y7eX}ul",Estimator
208,Jobye Andreaccio,jandreaccio5r@geocities.com,pV8(ls~Tt{sC@,Project Manager
209,Randell Golson,rgolson5s@ftc.gov,lA9|nTKi+n,Estimator
210,Petronille Perrin,pperrin5t@so-net.ne.jp,kM7/bLRFDQFI{G5,Project Manager
211,Harmonia Sly,hsly5u@wikimedia.org,vC1$methA,Project Manager
212,Boigie Cadge,bcadge5v@amazon.co.jp,xK4|zxR*4G*,Construction Worker
213,Eadie Osgood,eosgood5w@4shared.com,gH3$TgP)k4@,Construction Expeditor
214,Chris Dumsday,cdumsday5x@themeforest.net,"zK0|lNMy""<)$zz",Subcontractor
215,Arlette Dawley,adawley5y@deviantart.com,hM0%U3r'8Wk64&=%,Electrician
216,Midge Blodget,mblodget5z@delicious.com,eL4`uWFeP.n&,Supervisor
217,Ashla Hansie,ahansie60@prlog.org,pL0)>c}rxa>y,Construction Worker
218,Jordan Crispe,jcrispe61@cargocollective.com,uZ2(iS(A,Surveyor
219,Zebulen Henfre,zhenfre62@slate.com,"fL6""0dYmOj",Engineer
220,Alisha Halson,ahalson63@abc.net.au,fL7+`YJ`I*j,Architect
221,Radcliffe Guinn,rguinn64@time.com,zF3#2t\2IQ\uvB(,Construction Foreman
222,Leupold Andrys,landrys65@uiuc.edu,gZ9{|)S{+aRU7F~M,Estimator
223,Noble Romaint,nromaint66@yellowbook.com,qL5%rWC<+Q3=K,Electrician
224,Bidget Limerick,blimerick67@altervista.org,dR0/n8a}gIj,Estimator
225,Alistair Chaloner,achaloner68@wunderground.com,fH3@Q9)%<+.J%0w,Project Manager
226,Vale Davidovsky,vdavidovsky69@ovh.net,rL8{?EPOLwJ,Construction Worker
227,Goraud Ebdon,gebdon6a@163.com,xI4{tJeF=QE6W,Construction Manager
228,Decca Huguenet,dhuguenet6b@cbsnews.com,dW7'zHG4=|fk_~,Estimator
229,Evita Marians,emarians6c@com.com,yM6|ODNL'H@,Electrician
230,Osmond Trevain,otrevain6d@instagram.com,pY5&5Td=P>d=Vn*,Surveyor
231,Filmore Bottini,fbottini6e@mtv.com,eL1#@W=e#Sk`8.r,Construction Worker
232,Rickie Knapman,rknapman6f@live.com,eP3.\y+WklL8>8,Subcontractor
233,Bette-ann Arthy,barthy6g@mlb.com,xN0(8HqnU5,Electrician
234,Miles Guinane,mguinane6h@t.co,"tQ7,aPbU",Subcontractor
235,Seward Woolager,swoolager6i@bigcartel.com,zP5`JRVVrS<zqSR*,Estimator
236,Lillian Launder,llaunder6j@redcross.org,"dZ8%S&x"".r`M}K#",Estimator
237,Kim Rickersy,krickersy6k@tamu.edu,"cS5&jBcCCu7(n,",Supervisor
238,Katha Camacke,kcamacke6l@domainmarket.com,yJ0#kTkPf?,Construction Worker
239,Chadwick Ayrs,cayrs6m@netscape.com,vZ7!bQ0'sjKC$g,Construction Expeditor
240,Walden Fearnside,wfearnside6n@unesco.org,sL7#0O@u5{Sf_H,Subcontractor
241,Devondra Cleobury,dcleobury6o@github.com,vM9)v9ts<2JJ,Supervisor
242,Antonio Mumberson,amumberson6p@gnu.org,rU2~>_30l|y59S,Supervisor
243,Berenice Hatwells,bhatwells6q@usnews.com,"cF1(KM6Fc8W}RSQ""",Construction Worker
244,Allen Skate,askate6r@ox.ac.uk,dO2(y!~w<,Architect
245,Aleda Puller,apuller6s@rambler.ru,yV6@%(/K5S`=7,Architect
246,Verile Cowburn,vcowburn6t@google.fr,"mR4@L<?S9\$,",Construction Foreman
247,Jessy Lucken,jlucken6u@un.org,qI9_9rl'uem8,Surveyor
248,Dex Broadberry,dbroadberry6v@skyrock.com,zM1_j5qm?#x+0,Surveyor
249,Donica Poundesford,dpoundesford6w@amazon.com,vY1_kk%Z},Construction Foreman
250,Flem Mainwaring,fmainwaring6x@utexas.edu,bH5\VLwaPx,Construction Manager
251,Nanice Gregolin,ngregolin6y@ebay.co.uk,nH4|HXw0F20Aw,Construction Expeditor
252,Noel Feathers,nfeathers6z@nhs.uk,oY1+Qx}oBo|4,Estimator
253,Tanner Doog,tdoog70@vimeo.com,"tV7>E{`R'|q,",Surveyor
254,Rafi Bradberry,rbradberry71@wikimedia.org,bP2\0Lm%>!,Electrician
255,Gaby MacFarlan,gmacfarlan72@indiatimes.com,"jP9,Sk(DH",Architect
256,Jsandye Thiese,jthiese73@usda.gov,tG2+/qL$,Construction Foreman
257,Daphne Chaudhry,dchaudhry74@youku.com,tN7${zmKFC,Subcontractor
258,Livvyy Pettegre,lpettegre75@cam.ac.uk,kF6|!wC}QcDiZ,Supervisor
259,Ardra Swann,aswann76@latimes.com,bC2?K?+g(}<oTO,Subcontractor
260,Valene Tuckey,vtuckey77@yellowbook.com,"nG5@jTX&&~.|,l|",Engineer
261,Sylvester Rodinger,srodinger78@posterous.com,lL1>zS)~A_u`,Construction Manager
262,Ingaborg Pavlovic,ipavlovic79@hibu.com,rX3+q.@c,Construction Worker
263,Barnard Malek,bmalek7a@posterous.com,zY7+`6'ye5lI,Construction Foreman
264,Cathryn Francie,cfrancie7b@jugem.jp,"vM8$""qD<j}B",Estimator
265,Darren Grimsdyke,dgrimsdyke7c@buzzfeed.com,rF9&`r$?xT,Subcontractor
266,Shaun Tansley,stansley7d@theatlantic.com,wQ1='?Nj1Q,Estimator
267,Ally Asee,aasee7e@altervista.org,pB3`|tRM!},Project Manager
268,Daniele McArdell,dmcardell7f@instagram.com,vR1*C$|/,Supervisor
269,Pascale Fahey,pfahey7g@topsy.com,wB8$1J=NH+~yF2R,Supervisor
270,Odille Elgy,oelgy7h@elegantthemes.com,hH3!o6L6lL)X,Electrician
271,Ellswerth Ruddick,eruddick7i@multiply.com,aB6#lYP4y#,Construction Manager
272,Cristen Piecha,cpiecha7j@google.cn,lJ1.3wDb`Y\Vu,Construction Worker
273,Gertrudis O'Coskerry,gocoskerry7k@rediff.com,lO4|.1VjO7m9Gph\,Estimator
274,Abagail Gadie,agadie7l@cnn.com,fY8.)d6U(},Construction Foreman
275,Chandler Springford,cspringford7m@springer.com,"nS9,kq>XW}dcd>",Construction Expeditor
276,Leanna Lafay,llafay7n@blogtalkradio.com,oK8_F=Y#Dtm5U9S,Project Manager
277,Judd Crocetti,jcrocetti7o@ebay.co.uk,aJ0>0Xo3=WhN!zz0,Construction Worker
278,Rickie Carlyon,rcarlyon7p@wix.com,wY4#yFe2|?2L,Construction Worker
279,Vicky Czaja,vczaja7q@sitemeter.com,fP9\4\O'G~@,Electrician
280,Theodoric Farfalameev,tfarfalameev7r@wiley.com,sV0)g((S}U|,Construction Worker
281,Beniamino Dunkirk,bdunkirk7s@prweb.com,oR3_=VjcY=&+OB,Construction Expeditor
282,Simeon Doding,sdoding7t@imgur.com,"zM3>kY""""%,OXTo{",Engineer
283,Mireielle Kikke,mkikke7u@clickbank.net,rA1)motse8qj,Engineer
284,Alfons Macura,amacura7v@tinypic.com,jL7>c%|p|V,Project Manager
285,Wilton Padberry,wpadberry7w@wix.com,"yL2?*(WmCXMK,_",Electrician
286,Kacey Yankov,kyankov7x@mysql.com,fD9|EN=4_PiEj!i,Construction Expeditor
287,Marabel Scott,mscott7y@pinterest.com,"wN0>bF|,y",Surveyor
288,Clayson Tomankiewicz,ctomankiewicz7z@uiuc.edu,hC9{t1M`!t9Ye,Estimator
289,Corinne Titcombe,ctitcombe80@exblog.jp,bZ2_IXqY$55Tfb,Electrician
290,Linoel Farnie,lfarnie81@hugedomains.com,fD6?Glr*88YT@Jl,Engineer
291,Silva Vossgen,svossgen82@hugedomains.com,"gF0*33&yq,Ij?JVP",Construction Worker
292,Douglass Silversmidt,dsilversmidt83@amazon.co.uk,vP5_`?ZYKMu~rk,Surveyor
293,Mei Coffey,mcoffey84@apache.org,dE1`DeY%nZFCq,Architect
294,Heather Klassman,hklassman85@netlog.com,vA8#/7s(k/%vm.,Construction Worker
295,Pearl Impey,pimpey86@homestead.com,iX8_s+hGRMu{,Construction Foreman
296,Francene McCromley,fmccromley87@quantcast.com,yW3.Tlmo.afj%,Construction Expeditor
297,Torrence Tregido,ttregido88@sciencedaily.com,"fU4{,MaYh",Construction Expeditor
298,Kennie Berwick,kberwick89@yelp.com,jR8#C%NG>\P,Construction Foreman
299,Barnard Lerwell,blerwell8a@skype.com,iH0=a8'Y6oSv,Surveyor
300,Brear Hares,bhares8b@uol.com.br,kG4'FexGFW,Construction Foreman
301,Roosevelt Harbour,rharbour8c@abc.net.au,mP3}1HyE3zVV,Architect
302,Cherry Longbone,clongbone8d@boston.com,jI8|3h)\=P>eH,Construction Worker
303,Stormy Haysey,shaysey8e@istockphoto.com,tK6_bSP0&r}'c,Project Manager
304,Gherardo Chalmers,gchalmers8f@hostgator.com,bG5$bCi{f>cn},Supervisor
305,Nilson Bonifacio,nbonifacio8g@vkontakte.ru,nJ4)8DFa|gfV,Construction Expeditor
306,Gilberta Van De Cappelle,gvan8h@tumblr.com,wE9|eW{8O,Estimator
307,Tamarah Fleg,tfleg8i@multiply.com,gG2}bW`},Supervisor
308,Tully Bockmaster,tbockmaster8j@webs.com,fF2+#@Vs{O,Construction Expeditor
309,Gale Simkiss,gsimkiss8k@webeden.co.uk,xV5|io=M!H)t\>,Construction Worker
310,Linn Yurinov,lyurinov8l@simplemachines.org,eR1&N$C{OtnA,Project Manager
311,Ozzy Kuhle,okuhle8m@issuu.com,zO1(17QqyQE4,Engineer
312,Rodi Maddyson,rmaddyson8n@prlog.org,iR6.KM_O,Architect
313,Perren Jeays,pjeays8o@utexas.edu,lH3{cJd\q.,Surveyor
314,Martin Archbutt,marchbutt8p@who.int,eS0\@y9sA,Construction Foreman
315,Raviv Wedgbrow,rwedgbrow8q@archive.org,wV5/8F!Wrz)y%9V,Construction Worker
316,Caroline Barley,cbarley8r@ebay.co.uk,"bE5>K!R,&Q_q",Construction Manager
317,Savina Janda,sjanda8s@blogtalkradio.com,aR5@hRJ#,Construction Expeditor
318,Avrom Ragate,aragate8t@youtu.be,dX7+fQaaxmLcqPSU,Electrician
319,Chadwick Hedditeh,chedditeh8u@networkadvertising.org,vR4>>TQI,Construction Expeditor
320,Jessamyn Stocks,jstocks8v@fc2.com,rH3%$.'PUL+,Subcontractor
321,Daron Vasile,dvasile8w@japanpost.jp,bU4.0G?|7,Estimator
322,Ardys Pury,apury8x@omniture.com,tC8{RQiv@kONyAPH,Architect
323,Sonja Revan,srevan8y@angelfire.com,"lB2'|QC<Mw,p""+",Construction Expeditor
324,Bondy Greenly,bgreenly8z@techcrunch.com,eF2=kTQ=_zia,Estimator
325,Pamela Buten,pbuten90@slate.com,sX0=rj1@&,Construction Manager
326,Graeme Sparey,gsparey91@apple.com,"iX4+E0=,",Estimator
327,Burg Brokenbrow,bbrokenbrow92@wikipedia.org,pO5&mmkt$,Construction Expeditor
328,Johannah Johannesson,jjohannesson93@un.org,xM1}SyPLdr8Q+p&8,Construction Foreman
329,Ricky Leyson,rleyson94@telegraph.co.uk,hY9<$)%}%}Q,Subcontractor
330,Wanda McEvilly,wmcevilly95@weebly.com,hT1>aPD<K*5*k=,Supervisor
331,Latashia Jockle,ljockle96@nymag.com,aO4>H+uj.fxtJ},Engineer
332,Brose Tunuy,btunuy97@blogs.com,gG0><`g*/@,Architect
333,Willi Pirozzi,wpirozzi98@bbb.org,sK1$C\`O,Engineer
334,Joletta Bendley,jbendley99@smugmug.com,jD5#v)4{/ik,Architect
335,Jerri Miskimmon,jmiskimmon9a@quantcast.com,uM0*25@K8x(,Subcontractor
336,Wilhelmine Venny,wvenny9b@ucsd.edu,yL0{G5~\8Hjs,Estimator
337,Stafford Tregoning,stregoning9c@shutterfly.com,mK3&'`Fq,Architect
338,Carree Heineking,cheineking9d@a8.net,uX3#GNi3G3E3M,Project Manager
339,Bird Verden,bverden9e@cnn.com,dV9?yaqU,Estimator
340,Matilde Simms,msimms9f@wordpress.com,zY0*<iy?Kr7#,Engineer
341,Olivette Cullabine,ocullabine9g@yale.edu,mC8#{A2l+4,Electrician
342,Margalit Paddemore,mpaddemore9h@shinystat.com,"bL0{PgUv(,y",Construction Manager
343,Enos Iacovacci,eiacovacci9i@paypal.com,aY2\fYj/xO!/,Construction Foreman
344,Rosanne Moyle,rmoyle9j@nih.gov,yV0.DyF=HCR,Subcontractor
345,Franzen Swindell,fswindell9k@state.tx.us,hW3+#S*=baB<,Electrician
346,Cindelyn Marcome,cmarcome9l@howstuffworks.com,sH1.IbYdyNE%,Surveyor
347,Jemimah Knell,jknell9m@businesswire.com,cS3*9)vP,Construction Foreman
348,Emmerich Clulee,eclulee9n@meetup.com,sY1#l=24Qvuv,Subcontractor
349,Jessee Scardifield,jscardifield9o@ustream.tv,"dP3@(Mdy`""yY!",Project Manager
350,Levin Plover,lplover9p@creativecommons.org,gZ3}ipxjf=3o_A6M,Project Manager
351,Vannie Glyn,vglyn9q@canalblog.com,"yA6#eB,CK'%\B",Construction Manager
352,Beniamino Darnell,bdarnell9r@com.com,iR2+G0GqT,Construction Manager
353,Meredith Willicott,mwillicott9s@delicious.com,kO8|7bkn$v/5F!1,Subcontractor
354,Pru Mollitt,pmollitt9t@disqus.com,iZ2=ADeGT>,Construction Expeditor
355,Kip Josofovitz,kjosofovitz9u@pagesperso-orange.fr,"pT5,mYr'6",Estimator
356,Renate Hinemoor,rhinemoor9v@barnesandnoble.com,"eU9@kRW,l6S<I)5$",Supervisor
357,Yettie Starkings,ystarkings9w@about.me,hC6&8\'U#2gJreq,Project Manager
358,Rodolfo Ceccoli,rceccoli9x@instagram.com,pV7#2<Jdr,Subcontractor
359,Carolee Sexti,csexti9y@bigcartel.com,"zQ3\jC9m~,vE#DV",Subcontractor
360,Karrie Frotton,kfrotton9z@rakuten.co.jp,uD3>dz!ks.sP_,Construction Expeditor
361,Goddart Renfield,grenfielda0@joomla.org,pY7`~8<{&w|\sd,Estimator
362,Sterling Hellmore,shellmorea1@sakura.ne.jp,pH0.Ng&iJ>,Construction Foreman
363,Tiffany Guyonnet,tguyonneta2@goodreads.com,wL5*X}\|oD0,Construction Foreman
364,Kitti Gay,kgaya3@taobao.com,sJ6\<Fb7,Construction Manager
365,Andres Schumacher,aschumachera4@arstechnica.com,iN2#fGN|nax,Electrician
366,Even Hebdon,ehebdona5@netvibes.com,yI7.EjlW,Construction Worker
367,Berty Becken,bbeckena6@hibu.com,sQ2{|2d~q0(T'`8B,Construction Manager
368,Felita Finkle,ffinklea7@kickstarter.com,tM9<+7x(,Subcontractor
369,Hiram Isakov,hisakova8@hatena.ne.jp,wI4&*wT18nnH|,Architect
370,Terry Calles,tcallesa9@arstechnica.com,qK9(I9k%bEk+C@Kw,Engineer
371,John Dennington,jdenningtonaa@about.com,"fV8~AiLZo,m=l1n",Architect
372,D'arcy Davers,ddaversab@shutterfly.com,fS8%?hh\5|_7,Construction Expeditor
373,Gaston Brimilcome,gbrimilcomeac@salon.com,xW3>nk{#O,Subcontractor
374,Zsazsa Yerson,zyersonad@samsung.com,mE2*9otB~X5,Construction Manager
375,Peyton Petersen,ppetersenae@salon.com,kI2*nwc=,Estimator
376,Gilbertine Sooley,gsooleyaf@nba.com,fQ7~2#f(c'89lBef,Project Manager
377,Bertram Bartolini,bbartoliniag@seattletimes.com,tY5!O`}`T&2&=,Construction Worker
378,Keefe Lorentz,klorentzah@flavors.me,"nO2""(5yV#L+KW~j",Project Manager
379,Yorgo Callard,ycallardai@alexa.com,yZ5(l!.pDE,Construction Manager
380,Bernita McSkin,bmcskinaj@nba.com,nA7'Ucz%O6kV,Construction Foreman
381,Sammie Tombleson,stomblesonak@printfriendly.com,hW4%&_Zz$t,Project Manager
382,Montague Gatesman,mgatesmanal@canalblog.com,vR9#+/TzDik@}S,Surveyor
383,Viva Zimmermeister,vzimmermeisteram@privacy.gov.au,wU5.Xfa`&,Engineer
384,Mychal Jouannisson,mjouannissonan@so-net.ne.jp,"oD1%y<Wb,%q",Project Manager
385,Klemens Torbett,ktorbettao@google.de,"bL5'I6b}Rf`|},",Project Manager
386,Ram Tipling,rtiplingap@privacy.gov.au,qO5`{VE\PKCKg48,Architect
387,Averell Maior,amaioraq@tripadvisor.com,dB4!Yqr.,Electrician
388,Othella McAdam,omcadamar@tinyurl.com,"gQ6""K2G#e9MO'",Supervisor
389,Darcie Philipeau,dphilipeauas@bloglovin.com,eK7\1bs@p,Project Manager
390,Lib Southern,lsouthernat@nyu.edu,yQ6%FtR6.VB,Surveyor
391,Cyrillus Ledgerton,cledgertonau@jalbum.net,lN2@cyLR/,Construction Worker
392,Harland Hollerin,hhollerinav@addthis.com,"oT7,.$`?",Engineer
393,Abelard Perdue,aperdueaw@google.es,cM6<%XAvk'&,Engineer
394,Hunt Cape,hcapeax@tamu.edu,"nB6"",D!8/$%L9P",Construction Expeditor
395,Helen-elizabeth Blakesley,hblakesleyay@booking.com,vI6%}D(h}\Yq_{,Construction Expeditor
396,Suzie Boutellier,sboutellieraz@whitehouse.gov,"qD9(""bIsa4RGve",Construction Expeditor
397,Andre Woods,awoodsb0@friendfeed.com,uP3_EA`>Lq${!,Surveyor
398,Marlyn L'Hommee,mlhommeeb1@t.co,xJ7!Np7+,Construction Expeditor
399,Marieann Uvedale,muvedaleb2@meetup.com,fA6#\nZ'ae8Xp,Construction Manager
400,Cloris Tanti,ctantib3@java.com,xH5.n.F8o|n@yI,Engineer
401,Averyl Berkelay,aberkelayb4@earthlink.net,sA3~}.a*#,Estimator
402,Lucien Tisun,ltisunb5@cornell.edu,mW1&f4=I<S2}5,Estimator
403,Tiffie McGougan,tmcgouganb6@eepurl.com,eB5&_fGG<~cX_{%A,Construction Manager
404,Carlie Oke,cokeb7@unc.edu,"yF0""*>l""*l",Construction Worker
405,Benedetto Adshed,badshedb8@uol.com.br,mT5@Mmw)C'\n5Ca,Surveyor
406,Somerset Oke,sokeb9@ft.com,iD5(Hwlg)bxT}o,Estimator
407,Sollie Brimilcome,sbrimilcomeba@comsenz.com,nX8>Z0Nl\=}?}H,Construction Manager
408,Corrie Faircloth,cfairclothbb@lulu.com,"vA6_s.(h8,G",Construction Foreman
409,Margot Klimochkin,mklimochkinbc@dagondesign.com,cL9'!{~q.52,Project Manager
410,Maye Formigli,mformiglibd@nifty.com,xZ1&3#CAf,Construction Foreman
411,Marlyn Crathorne,mcrathornebe@google.ru,mQ3?CA}E|p/r,Subcontractor
412,Fredrick Cradoc,fcradocbf@salon.com,"dD8.b@QzO7""",Construction Worker
413,Rici Joll,rjollbg@washingtonpost.com,"aO0)K>3NdiTYg""}c",Construction Worker
414,Dmitri Grout,dgroutbh@stumbleupon.com,gX5&g1cIWN&XAs{,Construction Manager
415,Christin Klesse,cklessebi@taobao.com,gR5@=Vt.MN=,Construction Manager
416,Keely Kilgallon,kkilgallonbj@istockphoto.com,fG0|>.`(,Subcontractor
417,Allis Gounot,agounotbk@rakuten.co.jp,"kV4@""Fo)x",Supervisor
418,Hugo Feasby,hfeasbybl@unicef.org,jA2+'2Wuh(P,Supervisor
419,Alejandrina Pinke,apinkebm@wikia.com,oC2?j382VR<qnv,Construction Foreman
420,Zane Lazenbury,zlazenburybn@yandex.ru,vP4{3Cgf4Z(c,Electrician
421,Aurora Nesbeth,anesbethbo@goo.gl,sT5_d0T!M,Estimator
422,Cammy Orsman,corsmanbp@alexa.com,fV5*5+Da5u/f1Gkv,Construction Expeditor
423,Elwira Kurton,ekurtonbq@phpbb.com,"nK3~MS5Rq6}Mn""v>",Electrician
424,Hedi Studeart,hstudeartbr@ucoz.ru,qQ0$Omx&i,Supervisor
425,Eddy Smallbone,esmallbonebs@oakley.com,tQ5*bTbY%K,Surveyor
426,Cecile Willans,cwillansbt@51.la,bZ7&..f'I#rrt,Construction Foreman
427,Amby Wisham,awishambu@skype.com,wJ1\P3rj_y,Architect
428,Emmy Hendrik,ehendrikbv@quantcast.com,qM8&fU>{mDvhld,Engineer
429,Jodi Pouton,jpoutonbw@blogspot.com,"mJ1(9Mw@""",Construction Expeditor
430,Elvin Yakovl,eyakovlbx@yellowpages.com,lZ0.8?+*u,Estimator
431,Davine Enrietto,denriettoby@facebook.com,cT0/G`=_,Electrician
432,Tanney Abramchik,tabramchikbz@dropbox.com,kE8\u<oBS,Supervisor
433,Ray Nutbeem,rnutbeemc0@un.org,"zJ6,Aft~""r'",Project Manager
434,Juline Chennells,jchennellsc1@edublogs.org,hF6?Cqfw\|dQI~,Engineer
435,Ellie Ormonde,eormondec2@blog.com,wT1'>.jesLgA)HO,Supervisor
436,Bevon Dennehy,bdennehyc3@photobucket.com,"cI5*7g}@}?""""rRa",Engineer
437,Sashenka Hobben,shobbenc4@booking.com,aD0|&G`$UkXmm,Project Manager
438,Marice Bassom,mbassomc5@tinyurl.com,lA1<(+V1T,Construction Manager
439,Nealy Gowdie,ngowdiec6@unesco.org,"xD5}1qd,|$bIX<g|",Supervisor
440,Carl Bulteel,cbulteelc7@mediafire.com,lL4@6_E+&vAAUH,Construction Foreman
441,Berny De Malchar,bdec8@mapquest.com,"dS8,NhXc>z%",Supervisor
442,Hardy Goodbairn,hgoodbairnc9@shutterfly.com,"zG5/67=>r>,nCL#f",Construction Foreman
443,Twyla MacKim,tmackimca@ucoz.com,"lQ5&N""=nWw${'@",Subcontractor
444,Conrado Ronisch,cronischcb@myspace.com,cJ1`a=pCs,Engineer
445,Maegan Joutapavicius,mjoutapaviciuscc@howstuffworks.com,fA9\0_7UXuP,Construction Worker
446,Reinaldos Segge,rseggecd@goodreads.com,pG1+f\98i#4?=|uf,Engineer
447,Agosto Delaney,adelaneyce@1und1.de,sN5+Rr}Ly}b,Surveyor
448,Vicky Courtes,vcourtescf@noaa.gov,"jH2\|2>""DE",Supervisor
449,Ailey Padrick,apadrickcg@google.ru,"kW8""$uD`>wcrsJ",Engineer
450,Killian Swaffield,kswaffieldch@timesonline.co.uk,kQ4)=tU>jzd<_MV,Engineer
451,Felipe Waliszewski,fwaliszewskici@surveymonkey.com,mC0%JI7N2,Estimator
452,Michaelina Kemmons,mkemmonscj@cam.ac.uk,oQ1@T}rr,Construction Expeditor
453,Ferrell Toplis,ftoplisck@de.vu,"oG0@AF7b2Q,nZXvE",Construction Manager
454,Imelda Houdmont,ihoudmontcl@youtu.be,hL5|!*l>jAvYy7@S,Construction Expeditor
455,Dell Meugens,dmeugenscm@bing.com,rI1`R0.zZ,Estimator
456,Jacquie Galton,jgaltoncn@comcast.net,uB0@gK\+9mONSE5t,Electrician
457,Ricky Wemes,rwemesco@google.nl,"yK0!W!P""?mh.ETWG",Electrician
458,Jenifer Sekulla,jsekullacp@instagram.com,xV9$KTcu,Subcontractor
459,Pepito Eltun,peltuncq@techcrunch.com,"xM3""nbt8.p",Project Manager
460,Cindy Shewring,cshewringcr@craigslist.org,yJ2(uo05HNnrY+n,Construction Worker
461,Micheil O'Dunneen,modunneencs@chronoengine.com,zN2$5E{B?+@y.3Z,Construction Worker
462,Archibaldo Learmonth,alearmonthct@google.nl,gE5=Uj#Eg?`,Electrician
463,Friedrick Delbergue,fdelberguecu@vimeo.com,tC6{2%A>2a#l,Construction Manager
464,Marina Rosberg,mrosbergcv@shinystat.com,"pL7\Lf?_0,,vD}.",Architect
465,Sherie Ivannikov,sivannikovcw@accuweather.com,mZ8/}eZQG}~<\,Construction Manager
466,Emmerich Forker,eforkercx@hibu.com,"fM9,(=wAQW8>v",Electrician
467,Homerus Godbehere,hgodbeherecy@hibu.com,"fL7,*2_*=B*F1AQ",Supervisor
468,Val Coushe,vcoushecz@apache.org,"jR8'(g*T)"",|i\",Subcontractor
469,Thaine Doubleday,tdoubledayd0@fc2.com,tH6(s!qZN8}0,Subcontractor
470,Felicle Letchford,fletchfordd1@google.com.hk,wB7@a#k4qh,Estimator
471,Susy St. Quintin,sstd2@seesaa.net,tR1~m}RC=eg=Y,Construction Worker
472,Jake Moorrud,jmoorrudd3@yellowbook.com,vT0%6G&.7,Architect
473,Kareem Durrand,kdurrandd4@tripod.com,oQ2!it>4N<jI,Construction Expeditor
474,Mersey Zemler,mzemlerd5@ihg.com,"gI5)i,wq",Engineer
475,Roscoe Tuffs,rtuffsd6@webmd.com,tH1/1\/iJZPX{j,Construction Expeditor
476,Cinda Assandri,cassandrid7@usgs.gov,jH4<Mi9`,Electrician
477,Ros Peach,rpeachd8@odnoklassniki.ru,uP1'%+~r4)K,Construction Manager
478,Jed Scone,jsconed9@amazon.com,"yS9,'D{,U",Electrician
479,Tine Doxsey,tdoxseyda@symantec.com,wM7=KL+AmiT/=#t,Engineer
480,Portia Hornbuckle,phornbuckledb@linkedin.com,"oX1=bE00Lg9""",Architect
481,Jessika McLleese,jmclleesedc@wunderground.com,iZ0+F7#9,Architect
482,Bron Dietzler,bdietzlerdd@walmart.com,"iN6!NXk3tH,xPoc",Construction Manager
483,Dina Grzegorzewski,dgrzegorzewskide@istockphoto.com,"mX5#W4""KgL.r$y",Construction Manager
484,Jasper Sherrell,jsherrelldf@wisc.edu,"fC7""P5|m",Construction Expeditor
485,Corinna Lamburne,clamburnedg@theguardian.com,fH4'#4cL~z,Construction Expeditor
486,Lenna Goodlake,lgoodlakedh@canalblog.com,qW6>4vc81,Construction Foreman
487,Lucinda Jerzak,ljerzakdi@reuters.com,fE1.1Z@3%tZ,Estimator
488,Martino McNalley,mmcnalleydj@blogtalkradio.com,eV8`~ijOAX},Project Manager
489,Devina Sollon,dsollondk@e-recht24.de,iF5~/MPe~,Architect
490,Stevena Bootes,sbootesdl@issuu.com,sA1@@9JWBm41iMQ,Subcontractor
491,Garrard Beetham,gbeethamdm@addtoany.com,kA5@U\u',Surveyor
492,Joeann Strank,jstrankdn@patch.com,"mG8/\8K*O,LD",Engineer
493,Harrison Le Count,hledo@berkeley.edu,hO2\OFM%46a(Y,Electrician
494,Karoline Sigward,ksigwarddp@uiuc.edu,cF0?ggDK~xUb,Construction Foreman
495,Willi Leopard,wleoparddq@nbcnews.com,cA2.v_pX(,Electrician
496,Rubin Hanbridge,rhanbridgedr@europa.eu,uO3!K#e!h,Construction Expeditor
497,Jock Brolan,jbrolands@nps.gov,bY7#6$o{U~hlaNNM,Project Manager
498,Amye MacCartney,amaccartneydt@yandex.ru,"uS4,fQ8JQ,Y",Construction Foreman
499,Wynn Hablet,whabletdu@mac.com,uO3{n+baw9,Construction Manager
500,Portie Pummery,ppummerydv@house.gov,fR2%gZaYNAk,Architect
501,Michale Kenefick,mkenefickdw@nih.gov,eY3.G/u&,Electrician
502,Maureen Athey,matheydx@multiply.com,"bC2@""OB0(AhweL",Supervisor
503,Kynthia Zmitrichenko,kzmitrichenkody@nba.com,"pR8!(&""3Inwk@",Construction Manager
504,Alysa Scholl,ascholldz@gravatar.com,vQ2|5a`DpE,Engineer
505,Cleveland Charnick,ccharnicke0@usda.gov,kT4$xRVN2/D,Project Manager
506,Caleb Hinsche,chinschee1@bing.com,kJ8(d_92jS=,Architect
507,Alexis Hovenden,ahovendene2@fema.gov,"uM8,4yj#V3LCgf",Engineer
508,Peria Farrington,pfarringtone3@twitter.com,lJ6!ZtqNjL,Surveyor
509,Tonye Fullick,tfullicke4@indiegogo.com,cT2$Z#goy*)e3g3Y,Construction Foreman
510,Delainey Cockerell,dcockerelle5@buzzfeed.com,pN4==..4T>|,Construction Worker
511,Hedwiga Durham,hdurhame6@nps.gov,qP6''Nwk,Construction Foreman
512,Elonore Vost,evoste7@desdev.cn,"pN5},$uRm~u/dq",Project Manager
513,Guendolen Sitlington,gsitlingtone8@exblog.jp,"cQ3""N}A?Py)Yxke",Construction Foreman
514,Katuscha Musker,kmuskere9@sphinn.com,lN2/~Dx2Zgr!b,Estimator
515,Janina Poundesford,jpoundesfordea@mashable.com,fM0%V&<o1dXm,Estimator
516,Dody Gregson,dgregsoneb@wikipedia.org,vF6{c`qV,Surveyor
517,Gloriane Toffetto,gtoffettoec@tinyurl.com,eK2)Hjrdo!,Estimator
518,Ephraim Postance,epostanceed@dropbox.com,tU8@_TR)_OA#,Construction Manager
519,Darlleen MacSween,dmacsweenee@purevolume.com,jK0~s*nY=,Construction Worker
520,Roth Linden,rlindenef@adobe.com,vQ4+vRm}E?8E9C6,Construction Manager
521,Pavla Search,psearcheg@jugem.jp,rS4>CmK=XAO<$D1,Construction Foreman
522,Brendan Maly,bmalyeh@macromedia.com,xC5=tO$m9!3,Construction Worker
523,Matthew Gideon,mgideonei@google.co.jp,dE2?k<lu=,Architect
524,Chariot Atto,cattoej@youtube.com,yG4+$datnhQ},Construction Expeditor
525,Cointon Danielovitch,cdanielovitchek@biglobe.ne.jp,fB7$y%aFg%D%B=(Q,Construction Manager
526,Cassy Rother,crotherel@columbia.edu,rF1|'Xa(V6Xyp,Surveyor
527,Rafael Whiley,rwhileyem@blogtalkradio.com,nA0&eoi@8$iYj,Surveyor
528,Beck Tipple,btippleen@myspace.com,"pI7<C4""iBpUz",Supervisor
529,Edin Mousby,emousbyeo@springer.com,"tO6\%1u$""KT",Construction Manager
530,Lilli Andrieu,landrieuep@google.com.au,vQ2\m@n9~p,Supervisor
531,Donni Loyndon,dloyndoneq@zimbio.com,zO1<>(K3mW,Supervisor
532,Jerrylee Krout,jkrouter@tmall.com,gW9+BR12bb,Engineer
533,Orlan Dixey,odixeyes@slate.com,oI7=7}#Bu*h,Construction Foreman
534,Dorisa Pipet,dpipetet@mapy.cz,"fU1%,`8Z*X",Subcontractor
535,Doti Scown,dscowneu@dailymotion.com,mH1{6Myz0a}5An,Surveyor
536,Kevyn Maro,kmaroev@npr.org,"uJ6}zxga{?,",Supervisor
537,Thalia Cregin,tcreginew@vk.com,gF0{?.1>rC7#@*,Project Manager
538,Michal Farlamb,mfarlambex@ehow.com,fO4>jY()J,Architect
539,Adelaide Fanning,afanningey@nyu.edu,"lS1""j)iyc&Hzq.",Electrician
540,Junie Hammerstone,jhammerstoneez@ucla.edu,"qG1}@7pL,66WWES",Estimator
541,Thia Busswell,tbusswellf0@abc.net.au,dW3\\P4S<71,Supervisor
542,Rafe Breckenridge,rbreckenridgef1@theatlantic.com,wN4'zw1ce,Construction Foreman
543,Giralda Shilton,gshiltonf2@ow.ly,aF7+)Wx$,Electrician
544,Gerrard Larrington,glarringtonf3@360.cn,kD2+?M!|c7.,Construction Manager
545,Boone Gladeche,bgladechef4@virginia.edu,wL3{jc?MUZj?0>W`,Estimator
546,Jessa Gooddie,jgooddief5@google.nl,"eX1""B7c7P\/b",Subcontractor
547,Quintina Depper,qdepperf6@indiegogo.com,lS6?pBQU8,Construction Manager
548,Ingeberg Gallen,igallenf7@loc.gov,fO7{8j(<iQz,Construction Worker
549,Yancy Paddell,ypaddellf8@weibo.com,"iD0#""$z0l(@V2\W",Construction Worker
550,Stevana Haliburn,shaliburnf9@wikispaces.com,sP6!RU`_,Subcontractor
551,Yardley Lowdwell,ylowdwellfa@newsvine.com,cF2~D<oJWsvNbV1,Construction Manager
552,Gilbertina Hallum,ghallumfb@weibo.com,rG6)I(Rw,Architect
553,Marco Cragg,mcraggfc@miibeian.gov.cn,uB3\g}P`<,Construction Manager
554,Vivienne Spearman,vspearmanfd@multiply.com,tY4?h1Grn(e}mG,Construction Expeditor
555,Chloette Medler,cmedlerfe@stumbleupon.com,jS9<xb5o/)5Zn,Project Manager
556,Brannon Dows,bdowsff@blinklist.com,iA9>|sv?3+4Ol()w,Construction Foreman
557,Frazier De Pietri,fdefg@typepad.com,"zA2/?.""on4h",Construction Worker
558,Ahmed Berrisford,aberrisfordfh@berkeley.edu,zF5.NF0g,Construction Manager
559,Rogerio Halson,rhalsonfi@rakuten.co.jp,"bE7}W),DQ(",Construction Manager
560,Gustav Chadney,gchadneyfj@cnet.com,wR9.fFsSl2KbMor,Engineer
561,Jillian Goutcher,jgoutcherfk@imageshack.us,"kC0`O9,*vf(vp?A2",Subcontractor
562,Kalinda Scotchmore,kscotchmorefl@fotki.com,jD4(3t@)IZDa)LJ,Supervisor
563,Cassius Castiglione,ccastiglionefm@blogger.com,xK5}*=TXTGn&h`e0,Estimator
564,Bliss Colpus,bcolpusfn@icio.us,"wC6@b{%++Htt""\+H",Supervisor
565,See Fischer,sfischerfo@flavors.me,aK6*~>q~Ul/az,Construction Manager
566,Cherie Roscrigg,croscriggfp@flickr.com,cH6'9FrGoc\,Supervisor
567,Donnell Persicke,dpersickefq@latimes.com,nC6|wYt9AjrmDT,Construction Worker
568,Geri Mottram,gmottramfr@dot.gov,hW4+NITVCe,Supervisor
569,Mile Ludgate,mludgatefs@yale.edu,oU1|tlouGJrnoU%_,Construction Manager
570,Georges Cuckson,gcucksonft@unblog.fr,hN7$&M(S)<|>+,Architect
571,Roberto Govett,rgovettfu@prweb.com,qS8..3Y.b_yK,Subcontractor
572,Vivian Jacklings,vjacklingsfv@nydailynews.com,oK7\wtL|Rt+uNJ,Subcontractor
573,Freemon Spoward,fspowardfw@wunderground.com,vJ5*dQnnW,Project Manager
574,Eugenius Denniston,edennistonfx@jiathis.com,wD3)SE?OK6m\b}m,Project Manager
575,Zonnya Weal,zwealfy@vistaprint.com,jJ5&1E|`Qjb,Architect
576,Iseabal Pretorius,ipretoriusfz@stanford.edu,pT2|%+O6c9~2/?!,Architect
577,Gwynne Bukac,gbukacg0@nytimes.com,"tK9$ws|""YZFqh`",Construction Manager
578,Cecil Boner,cbonerg1@ibm.com,vN2.FBBGvT'\E,Project Manager
579,Augie Korneluk,akornelukg2@google.com,"wQ4&,%fgLoIbw",Surveyor
580,Stesha Stenning,sstenningg3@google.pl,cS7+Gayv+,Electrician
581,Jolyn Vel,jvelg4@nytimes.com,qX5\Vk<I'0/gFO,Construction Worker
582,Nollie Morton,nmortong5@bandcamp.com,"rV4~sCFl.8aD,",Construction Manager
583,Saxe McUre,smcureg6@furl.net,cG8$/aI5Y,Subcontractor
584,Viv Freemantle,vfreemantleg7@last.fm,dM6>d*J5+(*JLV92,Estimator
585,Faustine Dodgshun,fdodgshung8@amazonaws.com,uS8=x?*m2#b',Architect
586,Sheffy Ebhardt,sebhardtg9@unicef.org,tX0\jP`j,Estimator
587,Ranice Austen,raustenga@tamu.edu,zK1%uNFmV8CKQ(,Construction Expeditor
588,Torrie Poge,tpogegb@pagesperso-orange.fr,rS9\G#bg3|p,Construction Expeditor
589,Ileana Raoul,iraoulgc@theguardian.com,"qU7/+A0tdF?)'""Ig",Supervisor
590,Glen Beggs,gbeggsgd@cnn.com,eU0$IM._p,Construction Worker
591,Lester McQuaid,lmcquaidge@cnn.com,cU2%4Sv/WL,Construction Worker
592,Ola Offin,ooffingf@mac.com,"oW7@DY|rl!,$9|B",Construction Worker
593,Amerigo Dursley,adursleygg@nationalgeographic.com,lZ3\WravsT,Subcontractor
594,Inga Deshorts,ideshortsgh@parallels.com,cM0*'YzAB<'aA,Surveyor
595,Brantley Attfield,battfieldgi@ibm.com,yP8=d8su3,Architect
596,Jarad Perryn,jperryngj@guardian.co.uk,"pH1+,Mk`Q>",Construction Manager
597,Willyt Gowthrop,wgowthropgk@etsy.com,vK1>rH'Z5ON|Hg,Surveyor
598,Dorolisa Bourthouloume,dbourthouloumegl@myspace.com,vC0<S{FI?/X,Project Manager
599,Egor Renachowski,erenachowskigm@exblog.jp,fU5|S&cAVQY,Supervisor
600,Gabriellia Boxhill,gboxhillgn@smugmug.com,qV0?fgy~uf=,Architect
601,Thia Hathwood,thathwoodgo@goo.ne.jp,"hP6'sHN,",Engineer
602,Selestina Gagg,sgagggp@gravatar.com,oW9~!?G##W?NPr,Construction Worker
603,Florette Birk,fbirkgq@de.vu,"eK9,W=_0?",Estimator
604,Philippe Blanchette,pblanchettegr@cornell.edu,oJ3}\oXQB'\\s,Construction Foreman
605,Nellie Dudden,nduddengs@whitehouse.gov,eO1?jy(.GbS},Architect
606,Ernestine Hodgen,ehodgengt@squidoo.com,rK7\tfVnnW.U,Estimator
607,Uri Brokenbrow,ubrokenbrowgu@php.net,dS7?7WeV6TJt,Construction Expeditor
608,Chuck Handrek,chandrekgv@com.com,cF2#j6uy1,Construction Manager
609,Edin Dring,edringgw@godaddy.com,"cD4&74{,G",Construction Manager
610,Delcine McDermott,dmcdermottgx@elpais.com,iX0%ceFqMK,Supervisor
611,Rustin Cholerton,rcholertongy@bigcartel.com,hO9\hFS3KzVXx,Engineer
612,Burton Cleave,bcleavegz@yandex.ru,eP2|AxS@AQ>Fc|,Construction Worker
613,Binky Poxson,bpoxsonh0@topsy.com,"qD7@L19y%C.""$w(",Electrician
614,Dede Gerty,dgertyh1@stanford.edu,cK8}E`F)W#.(,Construction Worker
615,Milka Island,mislandh2@reuters.com,"yP2@>%+SzU.,",Supervisor
616,Emili Hassey,ehasseyh3@youtu.be,"sF7/Z',16HE+",Project Manager
617,Kaitlin Grayham,kgrayhamh4@uiuc.edu,wA5~(%Rl,Construction Manager
618,Creighton Duckinfield,cduckinfieldh5@fotki.com,eP4*5}f6/N(.K,Engineer
619,Fredra Kleen,fkleenh6@wordpress.com,"tA5#""0wTZ5J&C",Project Manager
620,Herold Burtt,hburtth7@g.co,bU2_bN/hDBB`wH,Electrician
621,Jewelle Riddoch,jriddochh8@engadget.com,oC8@tq{8,Architect
622,Heda Knowlton,hknowltonh9@techcrunch.com,"iD2*v,B'",Architect
623,Vinny Chastagnier,vchastagnierha@uiuc.edu,"tY7!Pwq2{c,O",Architect
624,Darell Coppenhall,dcoppenhallhb@i2i.jp,"sT8=Bv6""3`(~",Construction Worker
625,Hyacinth Urlin,hurlinhc@arizona.edu,yN0%eXR*_&?,Supervisor
626,Marie-jeanne Newberry,mnewberryhd@webmd.com,yL4>AamGB,Estimator
627,Antons Brandom,abrandomhe@jiathis.com,"qQ0}{c2""",Engineer
628,Nealon Skirlin,nskirlinhf@slideshare.net,xE0$mB4p|=/KNG4M,Architect
629,Linet Pirouet,lpirouethg@wunderground.com,nH8!zD=4Z4=kt9,Surveyor
630,Timmy Aspell,taspellhh@ftc.gov,nE8#Z\ss15_,Estimator
631,Marieann Titheridge,mtitheridgehi@taobao.com,"wY5""vx/bmfo",Construction Foreman
632,Foss Bainbridge,fbainbridgehj@nature.com,vI1{QfZ5/jvW$,Electrician
633,Holly Iggalden,higgaldenhk@com.com,qC2=oGy%Np4=>l(&,Electrician
634,Adan McKeighan,amckeighanhl@washingtonpost.com,kP1?*8$`$j!2r>,Construction Worker
635,Imogene Aindriu,iaindriuhm@admin.ch,"zA7)ZGt""T",Construction Expeditor
636,Cori MacAlpyne,cmacalpynehn@sohu.com,"xG5<8'0S,a""A#b",Project Manager
637,Reider Odgaard,rodgaardho@buzzfeed.com,"kP3&Hy%3z""v&pa",Construction Foreman
638,Jenelle Fandrey,jfandreyhp@lycos.com,wA7)ZV'v,Electrician
639,Clerkclaude Nelissen,cnelissenhq@imdb.com,dD6=Zx4$n,Subcontractor
640,Elianora Abbatucci,eabbatuccihr@msn.com,vG6'zCwOPg#CS3hq,Construction Foreman
641,Frederik Purves,fpurveshs@shinystat.com,zY5>T'JP%P\*@,Engineer
642,Sasha Wonter,swonterht@biglobe.ne.jp,kN8#LaWka'=|,Supervisor
643,Lonny Passey,lpasseyhu@engadget.com,kK8`&'CG9d,Subcontractor
644,Urban Fotherby,ufotherbyhv@sina.com.cn,qG1(\cHUFUE&bq>,Construction Manager
645,Nowell Stichel,nstichelhw@clickbank.net,yO8<Vf5o=#',Construction Worker
646,Hercules Paal,hpaalhx@digg.com,"mL3""EBKLn$#~Aqct",Construction Manager
647,Kilian Reide,kreidehy@unc.edu,"oP1<vT,5>UQ`2q}6",Subcontractor
648,Codie Stickel,cstickelhz@nps.gov,vC1\vIZe,Electrician
649,Helaina Raiston,hraistoni0@phpbb.com,zC3_5$Kc,Construction Worker
650,Pryce Ridgwell,pridgwelli1@dell.com,gH8}<8#oZ%IZ_*9,Electrician
651,Valentin Shard,vshardi2@buzzfeed.com,"yN0@0+c!6+.e+Y""",Subcontractor
652,Alli Menis,amenisi3@cbslocal.com,nJ8~O?*5{t16,Construction Manager
653,Paul Ryton,prytoni4@163.com,gU2<~!i%b,Subcontractor
654,Kellby Catherick,kcathericki5@ameblo.jp,yX8'KA7Pm7gG,Electrician
655,Rina Steggles,rstegglesi6@lycos.com,tK7\\@1FvYaLeseb,Architect
656,Marcus Russ,mrussi7@usnews.com,"wT1""aPD'EQ|jLvb",Estimator
657,Gerardo Rance,grancei8@skyrock.com,sA8|U*l}(h>)y`,Subcontractor
658,Sasha Thumim,sthumimi9@tuttocitta.it,yV1@{}Sj,Surveyor
659,Bartolomeo Minister,bministeria@alexa.com,kD8(6mAs81,Supervisor
660,Bronson Banbrick,bbanbrickib@ted.com,aG7)Z2T*mCnN,Construction Expeditor
661,Florencia Rigmond,frigmondic@sciencedirect.com,xS0?Whu7,Surveyor
662,Angus Lamasna,alamasnaid@chronoengine.com,nN8@)\eo8uErLX,Construction Manager
663,Keir Hamer,khamerie@hubpages.com,cF6$_3@N_rv~,Estimator
664,Thekla Phelips,tphelipsif@trellian.com,yG7=ph3s6_.KxB,Architect
665,Shanda Gribbell,sgribbellig@clickbank.net,dF4@lsDK\ubk1Mod,Engineer
666,Renata Ferenczi,rferencziih@japanpost.jp,lX1$Xv0|?*,Engineer
667,Nalani Faltin,nfaltinii@marketwatch.com,"hR3&0,<v=mu%{=",Surveyor
668,Juli Premble,jprembleij@phoca.cz,aI4#RqEKICUoQ,Construction Foreman
669,Emyle Pennone,epennoneik@printfriendly.com,kA6$%mVb,Subcontractor
670,Blisse Lowery,bloweryil@dell.com,yT4!DXYs.j,Surveyor
671,Stearne Mault,smaultim@netvibes.com,lK2_pva%*,Construction Worker
672,Eben Darlaston,edarlastonin@nps.gov,"fM5&u@)(U""*o\$rL",Construction Foreman
673,Doris MacGauhy,dmacgauhyio@patch.com,rX1\~a8a8/!zSO,Construction Manager
674,Patric Colisbe,pcolisbeip@furl.net,zN0<0xr61m.36,Engineer
675,Byrle Kenafaque,bkenafaqueiq@businessinsider.com,"cO1""5'PX?p6",Subcontractor
676,Irv Zecchetti,izecchettiir@sourceforge.net,"jY8}D""`y{~A!0#",Construction Worker
677,Margaux Thurborn,mthurbornis@freewebs.com,fQ0.y_vEyef,Estimator
678,Bord Klemensiewicz,bklemensiewiczit@4shared.com,aY3<kE2|=~=.f43,Engineer
679,Tilda Gallichiccio,tgallichiccioiu@dell.com,kS9)`WUx&,Project Manager
680,Kore Benoist,kbenoistiv@twitter.com,iB7?j6tUbIEP6J1',Architect
681,Maridel Pearn,mpearniw@exblog.jp,eE9%Xauh0R7L`~,Estimator
682,Glyn Renad,grenadix@reuters.com,hW3%Be~X,Project Manager
683,Amaleta Semens,asemensiy@accuweather.com,"dE3{UO==sU,+j",Architect
684,Brenden Babin,bbabiniz@chronoengine.com,wV5!>D@c9'r#Juz,Supervisor
685,Malva Marquez,mmarquezj0@ucsd.edu,eN4#WCl+?Oot?,Project Manager
686,Simone Lakenton,slakentonj1@sciencedirect.com,iI3(z\$tT<Hse$,Electrician
687,Constancia Cantor,ccantorj2@blogtalkradio.com,dM5_LpsRB,Construction Expeditor
688,Kamila Sodory,ksodoryj3@de.vu,lG1{oTh&*=/c?h,Supervisor
689,Janelle Vasin,jvasinj4@wikia.com,jX9'$zKCR,Construction Worker
690,Alexina Gidney,agidneyj5@ucoz.ru,yW4<heL|xkQ2J,Surveyor
691,Jere Daen,jdaenj6@jimdo.com,"nC7<XMl$Lx,+R",Supervisor
692,Mayer Stive,mstivej7@whitehouse.gov,rV0=_Towi7d0GJP,Construction Expeditor
693,Ely Swalteridge,eswalteridgej8@paypal.com,"zK8,mZQ1Qygp",Project Manager
694,Alwyn Champneys,achampneysj9@weibo.com,"zO0""%H!=YS1BVqF",Construction Foreman
695,Viv Cloy,vcloyja@sakura.ne.jp,sH2~F#Qj.pmO,Surveyor
696,Dixie Stannas,dstannasjb@rambler.ru,aG7`+Nwp,Supervisor
697,Barbie Cristofor,bcristoforjc@bluehost.com,tA7*g.m0,Construction Manager
698,Portie Francescuccio,pfrancescucciojd@bloglovin.com,gT5<A2W?Ae,Construction Manager
699,Damita Burfoot,dburfootje@purevolume.com,jJ8)Ksb.<pi,Subcontractor
700,Ardelia De Bruijn,adejf@is.gd,cA9+!B6tI(PJ),Construction Worker
701,Arte Owain,aowainjg@fastcompany.com,gC2&e1M$FAr/,Project Manager
702,Isabelita Jorissen,ijorissenjh@linkedin.com,tA7/28jNBu,Subcontractor
703,Willdon Burkinshaw,wburkinshawji@photobucket.com,"kS4)sW|D=`z!*,2",Supervisor
704,Arlette Deveraux,adeverauxjj@qq.com,xI1<}bJY>PnH,Electrician
705,Malory Tubble,mtubblejk@google.ru,"wR3$1C4cWKS,",Estimator
706,Wake Pley,wpleyjl@cbc.ca,hQ8.x}4X},Construction Expeditor
707,Peterus Dickey,pdickeyjm@nymag.com,zI2+<oGaO_Ti,Construction Worker
708,Clive Wark,cwarkjn@arstechnica.com,qU5=va_E1),Construction Expeditor
709,Knox Domoney,kdomoneyjo@scientificamerican.com,aS1?&dy&Ywdm!,Supervisor
710,Dulsea Dhennin,ddhenninjp@tripadvisor.com,zF0&NxsJFi9tt,Project Manager
711,Natka Mandrier,nmandrierjq@ameblo.jp,"rM5?6""g{T",Construction Foreman
712,Bondie Luparto,blupartojr@plala.or.jp,cP8#0=k6,Engineer
713,Dyna Galland,dgallandjs@tmall.com,jI2%*JQgEK0i,Engineer
714,Carmelle MacDonald,cmacdonaldjt@ucla.edu,jA9.V2Ry,Electrician
715,Codie Yoakley,cyoakleyju@odnoklassniki.ru,rX9$OVnQb=r,Electrician
716,Jillane Deamer,jdeamerjv@comsenz.com,"wJ8!cD4g,KPGK8j",Engineer
717,Danny Rudolfer,drudolferjw@patch.com,tE1!m05X0Z`,Estimator
718,Vale Moggle,vmogglejx@opensource.org,jJ1'6FI&,Estimator
719,Kayle Sutliff,ksutliffjy@moonfruit.com,yC8}m/vORx5@7,Electrician
720,Barnie Bockmaster,bbockmasterjz@wsj.com,uZ2(L&5*a,Construction Manager
721,Christiane Penreth,cpenrethk0@redcross.org,lF9{x5D+5?9v0,Construction Foreman
722,Bel Smitham,bsmithamk1@hostgator.com,cA4<(*)}8,Construction Expeditor
723,Theodore Easeman,teasemank2@xrea.com,hP6?L>0PXm_*6,Supervisor
724,Ryley Castelletti,rcastellettik3@sogou.com,yC4>)cCc4YuZ*b,Construction Foreman
725,Farlay Gamlen,fgamlenk4@google.com.hk,xS1)FKfm!S,Electrician
726,Frederique Fattorini,ffattorinik5@amazon.co.jp,cL9&.?eJat/'&8,Estimator
727,Chiquia Chasen,cchasenk6@vistaprint.com,"vY1<0,W0}7Z~t|LG",Construction Expeditor
728,Natal Baunton,nbauntonk7@skyrock.com,"zK5=B.sI3x,NKY",Construction Expeditor
729,Amii Addinall,aaddinallk8@bloomberg.com,uF2#MQB~9Wwj),Construction Worker
730,Gabriell Blackstone,gblackstonek9@comcast.net,vK1'4a!B0aI7RIRK,Construction Manager
731,Di Cuss,dcusska@uiuc.edu,hQ2{EIix*J~X`Rb/,Subcontractor
732,Victoir Corradino,vcorradinokb@hugedomains.com,fW0(WUh10)5T,Construction Worker
733,Darline Skipperbottom,dskipperbottomkc@123-reg.co.uk,fC6{c}6owE<BPs3,Construction Expeditor
734,Hannie Hars,hharskd@bloomberg.com,nP3`>@~1}p_/0Fw',Subcontractor
735,Colleen Meron,cmeronke@spotify.com,uD9{9cDX3#Rl}H,Architect
736,Lucienne Fumagalli,lfumagallikf@hugedomains.com,wN2*BQ8S%?+>o,Construction Expeditor
737,Daphna Lucio,dluciokg@ftc.gov,"mK2,S)myf$x\lX",Construction Foreman
738,Cherish Haughan,chaughankh@geocities.jp,vN2~vW*%,Supervisor
739,Derrick Shobbrook,dshobbrookki@google.nl,oC6.Jr(EhO?,Subcontractor
740,Orrin Montes,omonteskj@guardian.co.uk,"xC5,77gsR?&P6bu",Supervisor
741,Julissa Meni,jmenikk@fda.gov,rI4/q2d<(E,Construction Worker
742,Estrella Howford,ehowfordkl@cisco.com,qG0$e_Jc|wyd),Architect
743,Shandie Keable,skeablekm@salon.com,rX2*\PyA+7.L,Engineer
744,Jimmie Debow,jdebowkn@geocities.com,gJ9_JnUo,Construction Foreman
745,Asia Aronstam,aaronstamko@clickbank.net,fX2).=)Ni{L=,Construction Foreman
746,Desirae Garrettson,dgarrettsonkp@yahoo.com,"uD2{tg""3gT2S2""C",Estimator
747,Isadore Spoerl,ispoerlkq@aboutads.info,fP3>m2o.y*gD|q,Supervisor
748,Fidelia Peacham,fpeachamkr@mlb.com,gV6<2$\3,Electrician
749,Justus Muress,jmuressks@home.pl,lB7?#\'z5bR,Subcontractor
750,Cristian Coomber,ccoomberkt@list-manage.com,kS0?4xe'ngrbO\,Estimator
751,Cynthy Prestwich,cprestwichku@newsvine.com,bQ7/a#(KkKnGxs,Construction Manager
752,Goldarina Lethbridge,glethbridgekv@ed.gov,xS1(U7FR_+FSCfS,Project Manager
753,Ariella Di Bartolommeo,adikw@bing.com,"rW4,GRT2}",Estimator
754,Aubrey Blower,ablowerkx@answers.com,lA1}zZc8c0(e{Ctv,Surveyor
755,Kean Ghidetti,kghidettiky@privacy.gov.au,wZ1?y3GR=vC'0,Construction Foreman
756,Charlotta McCullock,cmccullockkz@t-online.de,qM9<%gSw0K!B%DCR,Supervisor
757,Maridel Shilton,mshiltonl0@tinyurl.com,mW6|WaXnR<w5&}&,Subcontractor
758,Garrard Tuny,gtunyl1@washington.edu,oW8.(@i&UpZ$,Subcontractor
759,Reamonn Bagley,rbagleyl2@prnewswire.com,tS3.dqBgmcy',Surveyor
760,Rodrigo Eatttok,reatttokl3@utexas.edu,fW2\!jmDx6RaLh,Supervisor
761,Cherilyn Peddersen,cpeddersenl4@mediafire.com,"hQ0,f~.ETj",Surveyor
762,Armstrong Claricoats,aclaricoatsl5@statcounter.com,rJ8`gR!OkAjL&,Architect
763,Torrence Bampford,tbampfordl6@123-reg.co.uk,uM9&Y8rV/m(GEA,Supervisor
764,Viviyan Vedyashkin,vvedyashkinl7@edublogs.org,zF8/gbGIf6J.,Supervisor
765,Dimitri Yarn,dyarnl8@de.vu,"rG9)1,F8{BPve",Construction Foreman
766,Rey Harce,rharcel9@youtube.com,"zL6'*3ZN*""+",Construction Worker
767,Seumas Fennelly,sfennellyla@usgs.gov,qA3\>9|aizv,Construction Worker
768,Todd Pavlov,tpavlovlb@mac.com,lO5}?1lG,Project Manager
769,Archibold Normanell,anormanelllc@hostgator.com,"hH6($azoh9,",Estimator
770,Etheline Hablot,ehablotld@weebly.com,uE7|wkB7h,Engineer
771,Annetta Osmon,aosmonle@hibu.com,"mA7@5b""#,=9$sR",Engineer
772,Ulises Limon,ulimonlf@sciencedaily.com,lK1_BH?+tCm@3,Engineer
773,Brandyn Piele,bpielelg@unesco.org,mZ2=FO.l8Sdx,Architect
774,Yevette Thrasher,ythrasherlh@zimbio.com,lT2<3wE7txq2vc,Construction Expeditor
775,Tamiko Smalridge,tsmalridgeli@ycombinator.com,"lG5>+R|6*&""HA6",Construction Worker
776,Kahlil Suddick,ksuddicklj@java.com,gI3.SD!/R9*M,Construction Foreman
777,Warde Foakes,wfoakeslk@sbwire.com,tU7?~o.Ax4\,Construction Expeditor
778,Kristos Furzey,kfurzeyll@microsoft.com,cW5'?fhjpt)t,Construction Manager
779,Teddy Girauld,tgirauldlm@prlog.org,nA9`)QpRt=,Architect
780,Clarette Anscombe,canscombeln@4shared.com,mA0&3#\?R>!,Architect
781,Mayor Alten,maltenlo@opera.com,aU7/'{087u,Electrician
782,Farlay Myford,fmyfordlp@woothemes.com,iK6_~DTIL_bi+,Project Manager
783,Carlynne Hindmoor,chindmoorlq@friendfeed.com,nZ2+`_kJ4,Supervisor
784,Cassandra Collishaw,ccollishawlr@shop-pro.jp,"nU2,&Q(Vq|@no21s",Subcontractor
785,Cari Bramelt,cbrameltls@answers.com,fD2>({58PQ,Surveyor
786,Hersh Mewton,hmewtonlt@theguardian.com,"lN2$2_i,KI+B""I",Construction Foreman
787,Manny Cattenach,mcattenachlu@hexun.com,dE0$%AQI`dL&,Electrician
788,Othelia Sysland,osyslandlv@com.com,oG6>&?@P+u/TX,Engineer
789,Wiatt Jessopp,wjessopplw@globo.com,vE8\_&aAS`6QJRs!,Project Manager
790,Peri Spratling,pspratlinglx@uol.com.br,pP1/tI'kWG/2Q+,Estimator
791,Trisha Zannelli,tzannellily@home.pl,aB8/?IMYH{X(,Architect
792,Zedekiah Santry,zsantrylz@dropbox.com,"cW1,76A_%LWnE",Architect
793,Xever Benini,xbeninim0@paginegialle.it,oX3~2}oyu/4E`*9,Construction Expeditor
794,Janis Gittose,jgittosem1@github.com,"eS0(.""9CwPf2",Construction Manager
795,Rorie Ciciari,rciciarim2@yahoo.co.jp,"wC8""eZRdy\Xi$h",Construction Foreman
796,Mimi McTeggart,mmcteggartm3@fda.gov,yJ0!#utl8B=kX@D,Construction Foreman
797,Erasmus Guirardin,eguirardinm4@youtube.com,uS4{)cmZ2m)$9,Construction Foreman
798,Elianore Newbury,enewburym5@un.org,dZ6|DI\d`,Engineer
799,Cherish Eland,celandm6@google.ru,pY6`RjD=KGtaP,Construction Manager
800,Emyle Dracksford,edracksfordm7@hhs.gov,qH5=d$!SV|e#,Construction Manager
801,Bernette Kenefick,bkenefickm8@constantcontact.com,iS6#j~CJe,Construction Expeditor
802,Marne Camolli,mcamollim9@zimbio.com,"jM7""XXSI",Architect
803,Kata Stitcher,kstitcherma@army.mil,mX5`X<53,Architect
804,Consuelo Flay,cflaymb@edublogs.org,wB4+>j5lT2!v,Construction Worker
805,Mina Alvarez,malvarezmc@hibu.com,"bI7""|\yxL)xV",Construction Expeditor
806,Sharona Edgeon,sedgeonmd@constantcontact.com,bW0*bTmmt,Architect
807,Gaby Garraway,ggarrawayme@state.gov,tN2.kzB#JQ,Project Manager
808,Jeanette Fussell,jfussellmf@examiner.com,nJ2#w9\k,Construction Worker
809,Benedetto Phayre,bphayremg@mysql.com,"iK6{,iz~YU\",Supervisor
810,Kylie Cayford,kcayfordmh@networksolutions.com,qW0{LSF(Y=)9a,Project Manager
811,Lucky Burgis,lburgismi@go.com,gA6*<wDO#~blj$Uy,Construction Foreman
812,Drugi Degoy,ddegoymj@who.int,eV3=%n*A`bs,Electrician
813,Decca Siegertsz,dsiegertszmk@sohu.com,pN7}V{z|4zh>o=#,Construction Worker
814,Natassia Guerri,nguerriml@sogou.com,"eW9|&RC.eL""P",Construction Expeditor
815,Roderigo Remer,rremermm@sitemeter.com,sA1|1!aJz,Construction Worker
816,Minnaminnie Dagwell,mdagwellmn@mapquest.com,"qD9""G%RaQn",Engineer
817,Nevil Berthon,nberthonmo@dagondesign.com,"hX5.,BN<=I1",Construction Foreman
818,Tobit Wimlett,twimlettmp@pinterest.com,qU7}oE'8s*z/<.,Subcontractor
819,Tiffi Camble,tcamblemq@amazon.co.uk,bM7#Nco(W$,Architect
820,Liz Campo,lcampomr@ucla.edu,cV3`<}i#YBS',Construction Worker
821,Jefferson Warlow,jwarlowms@etsy.com,zV3}kZbSGPHqY=ST,Construction Foreman
822,Sheffie Bosden,sbosdenmt@multiply.com,xE4>(H\Lr%,Construction Expeditor
823,Garik Pepineaux,gpepineauxmu@imageshack.us,"vH1$)q'MI4rP}y""o",Architect
824,Cherin Conner,cconnermv@google.nl,"nS5'I\si.|qI""yH",Construction Expeditor
825,Ricoriki Matteini,rmatteinimw@wp.com,xY2~>>ubCXx,Supervisor
826,Fee Clemens,fclemensmx@ezinearticles.com,oG6$#M@=l(,Architect
827,Bernette Herrieven,bherrievenmy@google.com.br,uL6|!zl<Hh*&,Architect
828,Bat Klemps,bklempsmz@blogspot.com,"zN7""qgg""v@C5G4FV",Subcontractor
829,Annmarie Ruffler,arufflern0@noaa.gov,"oY9{0wc/C4_8+Q3,",Construction Manager
830,Claiborn Keighley,ckeighleyn1@wufoo.com,qH7=ZdXElF.'Zd,Subcontractor
831,Dalton Whimpenny,dwhimpennyn2@ed.gov,"vN3,B\zr=gxKkv$",Construction Foreman
832,Kathryn Varsey,kvarseyn3@loc.gov,cZ0+k8%?p/,Surveyor
833,Inessa O'Shevlin,ioshevlinn4@fc2.com,lF6?*6%T?l4QDHb{,Estimator
834,Rasia Botger,rbotgern5@scribd.com,jK9=dQ(X,Construction Worker
835,Darcee Showler,dshowlern6@redcross.org,nZ5*EEk`<,Supervisor
836,Pepillo Livens,plivensn7@statcounter.com,"gE5""XcCeX,%41S",Construction Manager
837,Gerry Tanby,gtanbyn8@globo.com,gW0+_2>x|(3lS~,Construction Manager
838,Wain Hellwig,whellwign9@craigslist.org,vP0<8DE`gON,Architect
839,Steffen Ondrak,sondrakna@facebook.com,"qN2\,sRHwP{'~",Electrician
840,Elora Bickerstaffe,ebickerstaffenb@phpbb.com,qL1|y10Ob%,Construction Expeditor
841,Vivyan Sleath,vsleathnc@myspace.com,mX6`Em}G0m%,Electrician
842,Kenna Clayworth,kclayworthnd@washingtonpost.com,iH1*Lf8i<KP,Estimator
843,Corby Clooney,cclooneyne@google.com.au,kS3&ac/g!(sL_/E,Engineer
844,Hilde Goddard,hgoddardnf@is.gd,fG2$_.+=,Construction Foreman
845,Tessie Elmhirst,telmhirstng@gov.uk,cL1#3r0NC+C,Surveyor
846,Richard Aberhart,raberhartnh@hhs.gov,"uA5}4#8V?V},iI|w",Construction Expeditor
847,Worthy Maypother,wmaypotherni@narod.ru,dD8)NO#f(g,Construction Worker
848,Jeddy Greave,jgreavenj@wisc.edu,vW7.>2!*9Qn#,Construction Manager
849,Cletis Broadwell,cbroadwellnk@goo.ne.jp,mW8_R)pDBNRU,Architect
850,Roman Simes,rsimesnl@comcast.net,"kZ5{OfGAQ""",Engineer
851,Mariann Bratcher,mbratchernm@barnesandnoble.com,"lA2?@3,E",Surveyor
852,Berrie Chetwynd,bchetwyndnn@hostgator.com,cL2*0rV|QIo|TQd,Architect
853,Andriana Dewey,adeweyno@mayoclinic.com,tI9~qq+aUc+?7uZ,Estimator
854,Freddie Gringley,fgringleynp@nsw.gov.au,dD1=\./bZ'F,Supervisor
855,Belia Serjeantson,bserjeantsonnq@spotify.com,"nX9&55z""Ono3<g",Engineer
856,Marylynne Anderson,mandersonnr@hugedomains.com,"gW1=Wm'Z6C""6Y",Construction Foreman
857,Efren McCreedy,emccreedyns@youku.com,xB7.b3a!aW,Electrician
858,Clint Vousden,cvousdennt@vk.com,"hB0(,.'O4+Iv",Estimator
859,Terra Goede,tgoedenu@bloglines.com,kC3!x8BSJAl_C,Construction Worker
860,Curr Insall,cinsallnv@globo.com,kI9.cVM&\EhX4,Electrician
861,Gizela Oseman,gosemannw@ted.com,dK7<j`>7%,Construction Foreman
862,Jerrome Crevy,jcrevynx@sohu.com,hY3{?YFFC7mMIVrV,Construction Expeditor
863,Sal Vicent,svicentny@mail.ru,rA6{IQD$u,Project Manager
864,Darcy Tomasicchio,dtomasicchionz@smh.com.au,"gW9`+4,Qz""HF,?",Construction Expeditor
865,Adela Call,acallo0@mac.com,"vZ8#FHUeZ82S,1Dy",Construction Worker
866,Austin Cranham,acranhamo1@youku.com,dB5}t!?q<E,Engineer
867,Jock Tregea,jtregeao2@furl.net,"eU6,pFCB0""&",Estimator
868,Gennifer Schruur,gschruuro3@wikispaces.com,tN2}~Sidz$S,Architect
869,Faith Conti,fcontio4@patch.com,gW4<)byR,Surveyor
870,Eolande Points,epointso5@parallels.com,cJ5%Pxq$%`g,Construction Expeditor
871,Malorie FitzGibbon,mfitzgibbono6@japanpost.jp,wL8~Rbn$,Construction Manager
872,Ara Roycroft,aroycrofto7@tuttocitta.it,eD8+6(!oL73,Subcontractor
873,Fidole Castelyn,fcastelyno8@cnet.com,oB7|(Km(fB,Construction Worker
874,Madelina Dyshart,mdysharto9@over-blog.com,wX3$>jEFy,Construction Worker
875,Otes Meriet,omerietoa@privacy.gov.au,"zX9$q""NXw#`",Subcontractor
876,Leisha Petyanin,lpetyaninob@bloomberg.com,jJ2?_2b5BJy=~)+y,Construction Foreman
877,Harper Klampt,hklamptoc@ox.ac.uk,bF5.u6HnQS|<r/,Architect
878,Kettie Skeech,kskeechod@adobe.com,cQ9$bAl4WD!\,Electrician
879,Jessey Attryde,jattrydeoe@wunderground.com,aU5/glo>we1?r,Subcontractor
880,Marcellina Latta,mlattaof@php.net,nR7>WQfTVE%*A\rz,Engineer
881,Moselle Brauninger,mbrauningerog@auda.org.au,yV5?_}bT,Construction Manager
882,Lucho Malster,lmalsteroh@drupal.org,"sB8,Fjo/,f",Supervisor
883,Meier Young,myoungoi@hao123.com,eD9.L9<'z}d1,Electrician
884,Maitilde Bucham,mbuchamoj@sourceforge.net,iE5+06WR1nncb,Construction Expeditor
885,Arley Minchell,aminchellok@jugem.jp,wY4(<y}la1+,Construction Worker
886,Alethea Dwane,adwaneol@mediafire.com,iB0|1h3N,Construction Expeditor
887,Mavra Cleatherow,mcleatherowom@redcross.org,pF4+P7R?M.s`a1,Estimator
888,Jeffie Redgrove,jredgroveon@eventbrite.com,gV7/v426h,Construction Worker
889,Remy Byng,rbyngoo@networkadvertising.org,oJ0$g'tqB6DU4?/T,Engineer
890,Issie Domerc,idomercop@oaic.gov.au,nG3}rj+cF,Construction Worker
891,Genna Caukill,gcaukilloq@goo.ne.jp,"yC0|mS\fVY""fs/",Supervisor
892,Michele Farries,mfarriesor@mit.edu,"vZ2*aCV""UpQK#LF<",Electrician
893,Bernardina Orpwood,borpwoodos@psu.edu,zB8&nMw|c,Estimator
894,Rivy Minchinton,rminchintonot@t-online.de,pI7=*yK}9@tFG},Architect
895,Selig Luckham,sluckhamou@economist.com,yQ2)/zAB=,Surveyor
896,Damiano Tetsall,dtetsallov@wired.com,tK2~Xk_LsjM_55A,Estimator
897,Al MacTeague,amacteagueow@scientificamerican.com,yG3)S1~&bmc,Architect
898,Trenton Angric,tangricox@usda.gov,gF3`Av=*u.v,Engineer
899,Monro Littlefield,mlittlefieldoy@ted.com,"yL8""X5<gSzk",Subcontractor
900,Angy Gonin,agoninoz@tuttocitta.it,"lX9`""'>`O'F_",Estimator
901,Julina Wilcock,jwilcockp0@sbwire.com,sY0@#Xd.Qh,Construction Foreman
902,Donavon Doxey,ddoxeyp1@csmonitor.com,"nG5\DOzM.""$""",Construction Expeditor
903,Zacherie Bourne,zbournep2@csmonitor.com,cP6*pV\Oj{WNg,Construction Worker
904,Danyette Campany,dcampanyp3@so-net.ne.jp,aX3\<$$f,Supervisor
905,Kingston Curling,kcurlingp4@youku.com,kI8|FzpU}\R,Construction Manager
906,Emiline Marchbank,emarchbankp5@tumblr.com,kK4@?17~1_n8SINl,Architect
907,Evvie Bullock,ebullockp6@wikimedia.org,iH6(\HJ@4nMYQX,Engineer
908,Gideon Rheaume,grheaumep7@cbc.ca,uZ4~VEDR3tnoHNuM,Construction Manager
909,Rosanne Abrahamovitz,rabrahamovitzp8@wikispaces.com,bA2/*A7Nn6,Supervisor
910,Carling Cary,ccaryp9@jigsy.com,pZ4#<jxvfk_VeAeE,Electrician
911,Ade Cainey,acaineypa@nba.com,vC4>8$(TEC7Yo,Construction Worker
912,Delbert Wratten,dwrattenpb@youtu.be,zL8$4}7TY?1c3J*v,Construction Manager
913,Lyssa Tailby,ltailbypc@ft.com,rE3#rO%E@8z'piN,Construction Expeditor
914,Bealle Drew-Clifton,bdrewcliftonpd@google.co.jp,sX2?e'bb8ZXau,Construction Expeditor
915,Lian Domelow,ldomelowpe@jalbum.net,mP4@*V)gB2~,Subcontractor
916,Ky Crowdace,kcrowdacepf@house.gov,eB2#{fe`,Subcontractor
917,Lianne Bahia,lbahiapg@cpanel.net,"vS6""3aWcyZAwW775",Estimator
918,Wilden Ginie,wginieph@dot.gov,iU9+2>g`},Estimator
919,Carl Ambrosetti,cambrosettipi@pinterest.com,tN0?s.rb+b%`K5%W,Engineer
920,Valina Siemens,vsiemenspj@marketwatch.com,aJ6('NoDlXfbfaZd,Construction Worker
921,Kingsly Ginnally,kginnallypk@pagesperso-orange.fr,aL3@rC~iJ>,Subcontractor
922,Harmonia Learmount,hlearmountpl@patch.com,nN2<(RU\`,Construction Worker
923,Anny Gilardone,agilardonepm@webnode.com,bZ1$n#S8lY,Project Manager
924,Lotte Campbell,lcampbellpn@trellian.com,lW8`d~Y.R,Supervisor
925,Leupold MacAllester,lmacallesterpo@xing.com,nY8/66T%4$,Surveyor
926,Marcellina Heymes,mheymespp@youtu.be,qO1|BUtye+d`,Architect
927,Luca Verne,lvernepq@a8.net,yX4.zk?1$9{c5,Surveyor
928,Allin Gristock,agristockpr@mapquest.com,"fY7+,fW'm",Construction Manager
929,Lorrin Strike,lstrikeps@comsenz.com,gD5>r>?r,Electrician
930,Jakie Magwood,jmagwoodpt@omniture.com,tM9>8&SUtv,Construction Manager
931,Heida Burdikin,hburdikinpu@nytimes.com,"lG3,qB/o`}E<YOnU",Supervisor
932,Marchall McDowall,mmcdowallpv@feedburner.com,iF6'_9lB0,Architect
933,Julio Loiterton,jloitertonpw@macromedia.com,tF3~6Qorg6Twwy,Engineer
934,Valentina Reinger,vreingerpx@discuz.net,rY1'Y&3tGUG$td,Electrician
935,Kellina Hise,khisepy@seesaa.net,eA8$6Xn#9,Subcontractor
936,Kyle Brockbank,kbrockbankpz@scientificamerican.com,nB6*Hq_8wXNsc2i,Electrician
937,Ellie Jinda,ejindaq0@mapy.cz,vM7`IY/eq,Engineer
938,Larisa Jagger,ljaggerq1@macromedia.com,kW7'4\u/j,Estimator
939,Mattie Kinnar,mkinnarq2@gmpg.org,rT6&pFzvRllQs,Construction Foreman
940,Niki Gebbie,ngebbieq3@issuu.com,lY7<?nqpNAUA}~`O,Surveyor
941,Conney Wildsmith,cwildsmithq4@soundcloud.com,sQ9?O!E6,Construction Manager
942,Helen Coursor,hcoursorq5@prnewswire.com,pG0_a(N8(7,Architect
943,Anselm Crielly,acriellyq6@bloglovin.com,"pD6,$!'6yGLQ",Construction Foreman
944,Tim Robyns,trobynsq7@theatlantic.com,bO3%z*C86#L`=,Electrician
945,Hunt Hugland,hhuglandq8@unc.edu,dD2$B*qU,Supervisor
946,Lianna Atack,latackq9@theglobeandmail.com,pX4@kT?Y6`D,Construction Foreman
947,Lynett Thoresbie,lthoresbieqa@apache.org,"xX0<<`{8`GP""7",Construction Expeditor
948,Ossie Bustard,obustardqb@ebay.co.uk,"zM2""{EtF2ow9N*Rn",Construction Manager
949,Dimitry Graysmark,dgraysmarkqc@ibm.com,zH7/l&iSO>,Project Manager
950,Kania Oldmeadow,koldmeadowqd@soup.io,"wD5,6#?ZBX",Architect
951,Minni Errington,merringtonqe@sohu.com,"aJ4,BwO9V`",Supervisor
952,Ardenia Alvarado,aalvaradoqf@netlog.com,tE1!Djdt#A'3NBs,Construction Expeditor
953,Stanfield Estevez,sestevezqg@hud.gov,gO4=a?9$m9Wzq0iW,Construction Expeditor
954,Tandie Storror,tstorrorqh@jalbum.net,zA1#d?=W8g)y,Subcontractor
955,Jared Maffulli,jmaffulliqi@vkontakte.ru,yG6@F*j@%_(Cfx,Construction Expeditor
956,Dionis Giacubo,dgiacuboqj@twitter.com,fG7$MRBkYy_UgO<,Construction Foreman
957,Marty Bell,mbellqk@hibu.com,xW8&QCzq=>iklD+,Construction Foreman
958,Myrah McGloin,mmcgloinql@hugedomains.com,rK5`N#>R_&',Electrician
959,Kevyn Lucio,klucioqm@godaddy.com,fX5{msj.cY9L9,Electrician
960,Thia Ivashev,tivashevqn@tumblr.com,eB1=tg?HyJA=,Subcontractor
961,Hasheem Tewkesberry,htewkesberryqo@t-online.de,dQ3=rO\=Cs`7,Engineer
962,Towney Wyldbore,twyldboreqp@tumblr.com,gX4+Gale,Construction Worker
963,Wilie Branney,wbranneyqq@dyndns.org,wP9/eeYvGATHE28\,Estimator
964,Jourdain Philcox,jphilcoxqr@oracle.com,iR0$=w2XJu8q0h3),Supervisor
965,Roma Dansey,rdanseyqs@g.co,"eX5""yc6{@Qp{7",Architect
966,Nada Bale,nbaleqt@irs.gov,aN2\8bykeo1,Electrician
967,Nickola Thibodeaux,nthibodeauxqu@cmu.edu,fK3+`BS=,Engineer
968,Vinni Brownsworth,vbrownsworthqv@blogtalkradio.com,"fG5/c)#{=""?t,Y6>",Surveyor
969,Gretel Rushmer,grushmerqw@home.pl,uQ5<d2*f69dL,Construction Manager
970,Lauree Kynaston,lkynastonqx@domainmarket.com,"jG8+dk>,d1.V",Project Manager
971,Nancee Ismirnioglou,nismirnioglouqy@seattletimes.com,kX6/{o2`#,Construction Expeditor
972,Danila Aucock,daucockqz@pen.io,"rM0""ypP,hnn",Engineer
973,Johann Hove,jhover0@china.com.cn,lG2}KA*F>H7rk,Construction Manager
974,Zacherie Gear,zgearr1@sciencedirect.com,"oB8?Kmajix""Q",Supervisor
975,Deidre Greveson,dgrevesonr2@state.gov,hX2#W5%7O,Subcontractor
976,Morry Kinchin,mkinchinr3@washingtonpost.com,"bR4\y%Q""eNIh1U6",Subcontractor
977,Rebecca Trynor,rtrynorr4@baidu.com,aM9*&<yQ~d%9,Construction Expeditor
978,Auroora Ness,anessr5@ibm.com,fC0+%HgJs,Project Manager
979,Carlina Mendez,cmendezr6@booking.com,kC1@Ak1HuC,Engineer
980,Roseann Marc,rmarcr7@examiner.com,cG2+eTK_V)3rF7,Supervisor
981,Philippe Gindghill,pgindghillr8@cnet.com,"zT4%=/K~,F",Project Manager
982,Emory Braidley,ebraidleyr9@opera.com,qU6`#oYK,Electrician
983,Cindie Murrells,cmurrellsra@soundcloud.com,uH8?5G{Yk<b,Construction Expeditor
984,Terra Sylett,tsylettrb@google.com,"pN4&}<Q""",Electrician
985,Fayre Kuschel,fkuschelrc@meetup.com,"uM8=1<H`/,>81K!G",Construction Foreman
986,Erich Jacklings,ejacklingsrd@ask.com,nN1=Y3o<8=,Architect
987,Malvina Senussi,msenussire@parallels.com,qU8~HhrsJTs,Electrician
988,Jacquie MacDermand,jmacdermandrf@twitter.com,wA8}Ke`UQZ5Y,Estimator
989,Ansel Prickett,aprickettrg@telegraph.co.uk,rK6?<+iP.\dYbY,Engineer
990,Northrup Smogur,nsmogurrh@netvibes.com,tA4{kvah{,Project Manager
991,Roseann Levay,rlevayri@vk.com,nM9*SzyR.sKZ0%r,Supervisor
992,Jorry Margaret,jmargaretrj@opensource.org,"bK2""2U~u",Subcontractor
993,Ainslie Littlechild,alittlechildrk@tinyurl.com,uS7*U{B(FQ=(U,Construction Manager
994,Silvie Vurley,svurleyrl@mit.edu,kV3~mu`7*s3E+Abp,Electrician
995,Laina Buncher,lbuncherrm@examiner.com,fV1(R!?U,Surveyor
996,Mella Castlake,mcastlakern@redcross.org,jT9)UWL/,Construction Foreman
997,Eolande Egell,eegellro@privacy.gov.au,"aY1"">L7)t",Surveyor
998,Adaline Girardengo,agirardengorp@amazon.co.uk,dY0=yPKz=F9G,Supervisor
999,Bertrando Cejka,bcejkarq@seesaa.net,eB5?9fDKLX%Sp\t,Subcontractor
1000,Vern Spini,vspinirr@yale.edu,rJ0`fxGVW,Engineer
